Employee Number,Attrition,Business Travel,Age Group,Department,Education Field,Employee Count,Gender,Job Role,Marital Status,Over Time,Age,Distance From Home,Education,Environment Satisfaction,Job Level,Job Satisfaction,Monthly Income,Total Working Years,Work Life Balance,Years At Company,Years In Current Role,Years Since Last Promotion,Years With Curr Manager
1,Yes,Travel_Rarely,35 - 44,Sales,Life Sciences,1,Female,Sales Executive,Single,Yes,41,1,Associates Degree,2,2,4,5993,8,1,6,4,0,5
2,No,Travel_Frequently,45 - 54,R&D,Life Sciences,1,Male,Research Scientist,Married,No,49,8,High School,3,2,2,5130,10,3,10,7,1,7
3,Yes,Travel_Rarely,35 - 44,R&D,Other,1,Male,Laboratory Technician,Single,Yes,37,2,Associates Degree,4,1,3,2090,7,3,0,0,0,0
4,No,Travel_Frequently,25 - 34,R&D,Life Sciences,1,Female,Research Scientist,Married,Yes,33,3,Master's Degree,4,1,3,2909,8,3,8,7,3,0
5,No,Travel_Rarely,25 - 34,R&D,Medical,1,Male,Laboratory Technician,Married,No,27,2,High School,1,1,2,3468,6,3,2,2,2,2
6,No,Travel_Frequently,25 - 34,R&D,Life Sciences,1,Male,Laboratory Technician,Single,No,32,2,Associates Degree,4,1,4,3068,8,2,7,7,3,6
7,No,Travel_Rarely,Over 55,R&D,Medical,1,Female,Laboratory Technician,Married,Yes,59,3,Bachelor's Degree,3,1,1,2670,12,2,1,0,0,0
8,No,Travel_Rarely,25 - 34,R&D,Life Sciences,1,Male,Laboratory Technician,Divorced,No,30,24,High School,4,1,3,2693,1,3,1,0,0,0
9,No,Travel_Frequently,35 - 44,R&D,Life Sciences,1,Male,Manufacturing Director,Single,No,38,23,Bachelor's Degree,4,3,3,9526,10,3,9,7,1,8
10,No,Travel_Rarely,35 - 44,R&D,Medical,1,Male,Healthcare Representative,Married,No,36,27,Bachelor's Degree,3,2,3,5237,17,2,7,7,7,7
11,No,Travel_Rarely,35 - 44,R&D,Medical,1,Male,Laboratory Technician,Married,No,35,16,Bachelor's Degree,1,1,2,2426,6,3,5,4,0,3
12,No,Travel_Rarely,25 - 34,R&D,Life Sciences,1,Female,Laboratory Technician,Single,Yes,29,15,Associates Degree,4,2,3,4193,10,3,9,5,0,8
13,No,Travel_Rarely,25 - 34,R&D,Life Sciences,1,Male,Research Scientist,Divorced,No,31,26,High School,1,1,3,2911,5,2,5,2,4,3
14,No,Travel_Rarely,25 - 34,R&D,Medical,1,Male,Laboratory Technician,Divorced,No,34,19,Associates Degree,2,1,4,2661,3,3,2,2,1,2
15,Yes,Travel_Rarely,25 - 34,R&D,Life Sciences,1,Male,Laboratory Technician,Single,Yes,28,24,Bachelor's Degree,3,1,3,2028,6,3,4,2,0,3
16,No,Travel_Rarely,25 - 34,R&D,Life Sciences,1,Female,Manufacturing Director,Divorced,No,29,21,Master's Degree,2,3,1,9980,10,3,10,9,8,8
17,No,Travel_Rarely,25 - 34,R&D,Life Sciences,1,Male,Research Scientist,Divorced,Yes,32,5,Associates Degree,1,1,2,3298,7,2,6,2,0,5
18,No,Non-Travel,Under 25,R&D,Medical,1,Male,Laboratory Technician,Divorced,Yes,22,16,Associates Degree,4,1,4,2935,1,2,1,0,0,0
19,No,Travel_Rarely,45 - 54,Sales,Life Sciences,1,Female,Manager,Married,No,53,2,Master's Degree,1,4,4,15427,31,3,25,8,3,7
20,No,Travel_Rarely,35 - 44,R&D,Life Sciences,1,Male,Research Scientist,Single,Yes,38,2,Bachelor's Degree,4,1,4,3944,6,3,3,2,1,2
21,No,Non-Travel,Under 25,R&D,Other,1,Female,Manufacturing Director,Divorced,No,24,11,Associates Degree,1,2,3,4011,5,2,4,2,1,3
22,Yes,Travel_Rarely,35 - 44,Sales,Life Sciences,1,Male,Sales Representative,Single,No,36,9,Master's Degree,3,1,1,3407,10,3,5,3,0,3
23,No,Travel_Rarely,25 - 34,R&D,Life Sciences,1,Female,Research Director,Single,No,34,7,Master's Degree,1,3,2,11994,13,3,12,6,2,11
24,No,Travel_Rarely,Under 25,R&D,Life Sciences,1,Male,Research Scientist,Single,No,21,15,Associates Degree,3,1,4,1232,0,3,0,0,0,0
25,Yes,Travel_Rarely,25 - 34,R&D,Medical,1,Male,Research Scientist,Single,No,34,6,High School,2,1,1,2960,8,3,4,2,1,3
26,No,Travel_Rarely,45 - 54,R&D,Other,1,Female,Manager,Divorced,No,53,5,Bachelor's Degree,3,5,3,19094,26,2,14,13,4,8
27,Yes,Travel_Frequently,25 - 34,R&D,Life Sciences,1,Female,Research Scientist,Single,Yes,32,16,High School,2,1,1,3919,10,3,10,2,6,7
28,No,Travel_Rarely,35 - 44,Sales,Marketing,1,Male,Sales Executive,Married,No,42,8,Master's Degree,3,2,2,6825,10,3,9,7,4,2
29,No,Travel_Rarely,35 - 44,R&D,Medical,1,Female,Healthcare Representative,Married,No,44,7,Master's Degree,1,3,4,10248,24,3,22,6,5,17
30,No,Travel_Rarely,45 - 54,Sales,Marketing,1,Female,Manager,Single,No,46,2,Master's Degree,2,5,1,18947,22,2,2,2,2,1
31,No,Travel_Rarely,25 - 34,R&D,Medical,1,Male,Laboratory Technician,Single,No,33,2,Bachelor's Degree,3,1,4,2496,7,3,1,1,0,0
32,No,Travel_Rarely,35 - 44,R&D,Other,1,Male,Healthcare Representative,Married,Yes,44,10,Master's Degree,4,2,4,6465,9,4,4,2,1,3
33,No,Travel_Rarely,25 - 34,R&D,Medical,1,Male,Laboratory Technician,Single,No,30,9,Associates Degree,4,1,3,2206,10,3,10,0,1,8
34,Yes,Travel_Rarely,35 - 44,Sales,Technical Degree,1,Male,Sales Representative,Married,No,39,5,Bachelor's Degree,4,2,4,2086,19,4,1,0,0,0
35,Yes,Travel_Rarely,Under 25,R&D,Medical,1,Male,Research Scientist,Married,Yes,24,1,Bachelor's Degree,2,1,4,2293,6,2,2,0,2,0
36,No,Travel_Rarely,35 - 44,R&D,Medical,1,Female,Research Scientist,Divorced,No,43,2,Associates Degree,4,1,3,2645,6,2,5,3,1,4
37,Yes,Travel_Rarely,45 - 54,Sales,Marketing,1,Male,Sales Representative,Married,Yes,50,3,Associates Degree,1,1,3,2683,3,3,3,2,0,2
38,No,Travel_Rarely,35 - 44,Sales,Marketing,1,Female,Sales Representative,Married,No,35,2,Bachelor's Degree,4,1,4,2014,2,3,2,2,2,2
39,No,Travel_Rarely,35 - 44,R&D,Life Sciences,1,Female,Research Scientist,Married,Yes,36,5,Master's Degree,2,1,1,3419,6,4,1,1,0,0
40,No,Travel_Frequently,25 - 34,Sales,Life Sciences,1,Female,Sales Executive,Married,No,33,1,Bachelor's Degree,3,2,1,5376,10,3,5,3,1,3
41,No,Travel_Rarely,35 - 44,R&D,Other,1,Male,Laboratory Technician,Divorced,No,35,4,Associates Degree,3,1,4,1951,1,3,1,0,0,0
42,No,Travel_Rarely,25 - 34,R&D,Life Sciences,1,Female,Laboratory Technician,Divorced,No,27,2,Master's Degree,4,1,1,2341,1,3,1,0,0,0
43,Yes,Travel_Rarely,25 - 34,R&D,Life Sciences,1,Male,Laboratory Technician,Single,No,26,25,Bachelor's Degree,1,1,3,2293,1,2,1,0,0,1
44,No,Travel_Frequently,25 - 34,Sales,Life Sciences,1,Male,Sales Executive,Single,No,27,8,Bachelor's Degree,4,3,3,8726,9,3,9,8,1,7
45,No,Travel_Frequently,25 - 34,R&D,Medical,1,Female,Laboratory Technician,Single,No,30,1,Associates Degree,3,2,4,4011,12,3,12,8,3,7
46,Yes,Travel_Rarely,35 - 44,R&D,Technical Degree,1,Female,Research Director,Married,No,41,12,Bachelor's Degree,2,5,3,19545,23,3,22,15,15,8
47,No,Non-Travel,25 - 34,Sales,Marketing,1,Male,Sales Executive,Single,No,34,23,Master's Degree,2,2,3,4568,10,3,9,5,8,7
48,No,Travel_Rarely,35 - 44,R&D,Life Sciences,1,Male,Research Scientist,Married,No,37,19,Associates Degree,2,1,2,3022,8,3,1,0,0,0
49,No,Travel_Frequently,45 - 54,Sales,Marketing,1,Male,Sales Executive,Single,Yes,46,5,Master's Degree,1,2,4,5772,14,3,9,6,0,8
50,No,Travel_Rarely,35 - 44,R&D,Life Sciences,1,Male,Laboratory Technician,Married,No,35,8,High School,4,1,4,2269,1,3,1,0,0,1
51,Yes,Travel_Rarely,45 - 54,R&D,Life Sciences,1,Male,Laboratory Technician,Single,Yes,48,1,Associates Degree,1,3,3,5381,23,3,1,0,0,0
52,Yes,Travel_Rarely,25 - 34,R&D,Technical Degree,1,Male,Laboratory Technician,Single,Yes,28,5,Master's Degree,3,1,3,3441,2,2,2,2,2,2
53,No,Travel_Rarely,35 - 44,Sales,Marketing,1,Female,Sales Executive,Divorced,Yes,44,1,Doctoral Degree,2,2,1,5454,9,2,4,3,1,3
54,No,Non-Travel,35 - 44,R&D,Medical,1,Male,Healthcare Representative,Married,Yes,35,11,Associates Degree,3,3,1,9884,10,3,4,0,2,3
55,No,Travel_Rarely,25 - 34,Sales,Marketing,1,Female,Sales Executive,Married,Yes,26,23,Bachelor's Degree,3,2,4,4157,5,2,2,2,0,0
56,No,Travel_Frequently,25 - 34,R&D,Life Sciences,1,Female,Research Director,Single,Yes,33,1,Associates Degree,1,3,4,13458,15,3,15,14,8,12
57,No,Travel_Frequently,35 - 44,Sales,Life Sciences,1,Male,Sales Executive,Married,No,35,18,Doctoral Degree,2,3,1,9069,9,2,9,8,1,8
58,No,Travel_Rarely,35 - 44,R&D,Medical,1,Female,Laboratory Technician,Married,Yes,35,23,Master's Degree,3,1,1,4014,4,3,2,2,2,2
59,No,Travel_Rarely,25 - 34,R&D,Life Sciences,1,Male,Laboratory Technician,Divorced,No,31,7,Master's Degree,4,2,4,5915,10,2,7,7,1,7
60,No,Travel_Rarely,35 - 44,R&D,Life Sciences,1,Male,Manufacturing Director,Divorced,No,37,1,Master's Degree,1,2,3,5993,7,4,7,5,0,7
61,No,Travel_Rarely,25 - 34,R&D,Medical,1,Male,Manufacturing Director,Married,Yes,32,1,Bachelor's Degree,1,2,4,6162,9,3,9,8,7,8
62,No,Travel_Frequently,35 - 44,R&D,Life Sciences,1,Female,Laboratory Technician,Single,No,38,29,Doctoral Degree,4,2,4,2406,10,3,10,3,9,9
63,No,Travel_Rarely,45 - 54,R&D,Medical,1,Female,Research Director,Divorced,Yes,50,7,Associates Degree,2,5,3,18740,29,2,27,3,13,8
64,No,Travel_Rarely,Over 55,Sales,Life Sciences,1,Female,Sales Executive,Single,No,59,25,Bachelor's Degree,1,3,1,7637,28,2,21,16,7,9
65,No,Travel_Rarely,35 - 44,R&D,Technical Degree,1,Female,Healthcare Representative,Divorced,No,36,8,Bachelor's Degree,3,3,3,10096,17,3,17,14,12,8
66,No,Travel_Rarely,Over 55,R&D,Medical,1,Female,Manager,Divorced,Yes,55,8,Bachelor's Degree,4,4,3,14756,21,3,5,0,0,2
67,No,Travel_Frequently,35 - 44,R&D,Life Sciences,1,Male,Manufacturing Director,Single,No,36,11,Bachelor's Degree,2,2,2,6499,6,3,6,5,0,3
68,No,Travel_Rarely,45 - 54,R&D,Life Sciences,1,Male,Research Scientist,Divorced,No,45,7,Bachelor's Degree,2,3,1,9724,25,3,1,0,0,0
69,No,Travel_Frequently,35 - 44,R&D,Medical,1,Male,Research Scientist,Married,No,35,1,Bachelor's Degree,2,1,1,2194,5,2,3,2,1,2
70,Yes,Travel_Rarely,35 - 44,R&D,Medical,1,Male,Research Scientist,Married,Yes,36,9,Bachelor's Degree,4,1,3,3388,2,2,1,0,0,0
71,No,Travel_Frequently,Over 55,Sales,Life Sciences,1,Female,Sales Executive,Single,No,59,1,High School,1,2,3,5473,20,2,4,3,1,3
72,No,Travel_Rarely,25 - 34,R&D,Life Sciences,1,Male,Research Scientist,Married,No,29,2,Bachelor's Degree,3,1,2,2703,6,3,5,4,0,4
73,No,Travel_Rarely,25 - 34,R&D,Medical,1,Male,Research Scientist,Single,No,31,1,Master's Degree,3,1,2,2501,1,3,1,1,1,0
74,No,Travel_Rarely,25 - 34,R&D,Life Sciences,1,Male,Research Scientist,Married,No,32,1,Bachelor's Degree,2,2,2,6220,10,3,10,4,0,9
75,No,Travel_Rarely,35 - 44,R&D,Life Sciences,1,Female,Laboratory Technician,Married,No,36,6,Bachelor's Degree,2,1,4,3038,5,3,1,0,0,0
76,No,Travel_Rarely,25 - 34,R&D,Life Sciences,1,Female,Manufacturing Director,Single,No,31,8,Master's Degree,3,2,4,4424,11,3,11,7,1,8
77,No,Travel_Rarely,35 - 44,Sales,Marketing,1,Male,Sales Executive,Single,No,35,1,Master's Degree,3,2,1,4312,16,3,15,13,2,8
78,No,Travel_Rarely,45 - 54,R&D,Other,1,Male,Research Director,Married,Yes,45,6,Master's Degree,4,3,1,13245,17,4,0,0,0,0
79,No,Travel_Rarely,35 - 44,R&D,Medical,1,Male,Research Director,Single,No,37,7,Master's Degree,1,3,3,13664,16,4,5,2,0,2
80,No,Travel_Rarely,45 - 54,HR,Medical,1,Male,Human Resources,Divorced,Yes,46,5,Associates Degree,2,2,2,5021,16,3,4,2,0,2
81,No,Travel_Rarely,25 - 34,R&D,Life Sciences,1,Male,Laboratory Technician,Married,Yes,30,1,High School,4,2,4,5126,10,2,10,8,3,0
82,No,Travel_Rarely,35 - 44,R&D,Medical,1,Male,Research Scientist,Single,No,35,1,Bachelor's Degree,2,1,3,2859,6,3,6,4,0,4
83,No,Travel_Rarely,Over 55,Sales,Life Sciences,1,Male,Sales Executive,Married,No,55,1,Associates Degree,1,3,4,10239,24,3,1,0,1,0
84,No,Non-Travel,35 - 44,R&D,Medical,1,Female,Research Scientist,Divorced,Yes,38,6,Bachelor's Degree,2,2,4,5329,17,3,13,11,1,9
85,No,Travel_Rarely,25 - 34,R&D,Medical,1,Male,Manufacturing Director,Married,No,34,1,Associates Degree,1,2,2,4325,5,3,5,2,1,3
86,No,Travel_Rarely,Over 55,R&D,Life Sciences,1,Male,Manufacturing Director,Single,No,56,7,Bachelor's Degree,4,3,4,7260,37,2,6,4,0,2
87,No,Travel_Rarely,Under 25,Sales,Technical Degree,1,Male,Sales Representative,Divorced,No,23,2,High School,3,1,1,2322,3,3,0,0,0,0
88,No,Travel_Rarely,45 - 54,R&D,Life Sciences,1,Male,Laboratory Technician,Married,No,51,9,Master's Degree,4,1,4,2075,10,3,4,2,0,3
89,No,Travel_Rarely,25 - 34,R&D,Life Sciences,1,Male,Healthcare Representative,Married,No,30,2,Bachelor's Degree,3,2,4,4152,11,3,11,10,10,8
90,Yes,Travel_Rarely,45 - 54,Sales,Medical,1,Male,Sales Executive,Single,No,46,9,Associates Degree,3,3,4,9619,9,3,9,8,4,7
91,No,Travel_Frequently,35 - 44,R&D,Life Sciences,1,Male,Healthcare Representative,Married,No,40,1,Master's Degree,3,4,2,13503,22,2,22,3,11,11
92,No,Travel_Rarely,45 - 54,Sales,Marketing,1,Male,Sales Executive,Single,Yes,51,21,Master's Degree,3,2,4,5441,11,1,10,7,1,0
93,No,Travel_Rarely,25 - 34,Sales,Medical,1,Female,Sales Executive,Divorced,Yes,30,4,Associates Degree,3,2,2,5209,11,2,11,8,2,7
94,No,Travel_Frequently,45 - 54,R&D,Medical,1,Male,Healthcare Representative,Married,Yes,46,1,Bachelor's Degree,3,3,1,10673,21,2,10,9,9,5
95,No,Travel_Rarely,25 - 34,Sales,Medical,1,Male,Sales Executive,Single,No,32,6,Master's Degree,2,2,3,5010,12,3,11,8,5,7
96,No,Travel_Rarely,45 - 54,R&D,Technical Degree,1,Female,Research Director,Married,No,54,2,Master's Degree,1,3,3,13549,16,1,4,3,0,3
97,No,Travel_Rarely,Under 25,Sales,Other,1,Female,Sales Executive,Married,No,24,3,Associates Degree,1,2,3,4999,4,2,3,2,0,2
98,No,Non-Travel,25 - 34,Sales,Medical,1,Male,Sales Executive,Married,No,28,4,Bachelor's Degree,2,2,3,4221,5,4,5,4,0,4
99,No,Travel_Rarely,Over 55,Sales,Medical,1,Male,Sales Executive,Single,No,58,10,Master's Degree,4,4,3,13872,38,2,37,10,1,8
100,No,Non-Travel,35 - 44,R&D,Medical,1,Male,Laboratory Technician,Married,No,44,23,Bachelor's Degree,2,2,2,2042,17,4,3,2,1,2
101,Yes,Travel_Rarely,35 - 44,HR,Human Resources,1,Male,Human Resources,Divorced,Yes,37,6,Master's Degree,3,1,1,2073,7,3,3,2,0,2
102,No,Travel_Rarely,25 - 34,R&D,Life Sciences,1,Male,Research Scientist,Single,No,32,1,High School,4,1,1,2956,1,3,1,0,0,0
103,Yes,Travel_Frequently,Under 25,R&D,Life Sciences,1,Female,Laboratory Technician,Single,Yes,20,6,Bachelor's Degree,4,1,4,2926,1,3,1,0,1,0
104,No,Travel_Rarely,25 - 34,R&D,Other,1,Female,Research Scientist,Single,No,34,6,Master's Degree,1,2,3,4809,16,3,16,13,2,10
105,No,Non-Travel,35 - 44,R&D,Life Sciences,1,Male,Healthcare Representative,Divorced,No,37,2,Associates Degree,3,2,4,5163,17,4,1,0,0,0
106,No,Non-Travel,Over 55,HR,Human Resources,1,Female,Manager,Married,No,59,2,Master's Degree,3,5,4,18844,30,3,3,2,2,2
107,No,Travel_Frequently,45 - 54,R&D,Life Sciences,1,Female,Research Director,Married,Yes,50,1,Bachelor's Degree,1,5,2,18172,28,2,8,3,0,7
108,Yes,Travel_Rarely,25 - 34,Sales,Marketing,1,Male,Sales Executive,Single,Yes,25,5,Bachelor's Degree,3,2,3,5744,6,3,6,4,0,3
109,No,Travel_Rarely,25 - 34,R&D,Medical,1,Male,Research Scientist,Married,No,25,7,High School,4,1,4,2889,2,3,2,2,2,1
110,No,Travel_Rarely,Under 25,R&D,Medical,1,Female,Laboratory Technician,Single,No,22,15,Bachelor's Degree,2,1,4,2871,1,3,0,0,0,0
111,No,Travel_Frequently,45 - 54,R&D,Medical,1,Female,Healthcare Representative,Single,No,51,1,Master's Degree,1,3,1,7484,23,2,13,12,12,8
112,Yes,Travel_Frequently,25 - 34,R&D,Life Sciences,1,Male,Laboratory Technician,Single,Yes,34,7,Bachelor's Degree,1,2,3,6074,9,3,9,7,0,6
113,No,Non-Travel,45 - 54,HR,Human Resources,1,Female,Manager,Single,Yes,54,26,Bachelor's Degree,4,4,4,17328,23,3,5,3,4,4
114,No,Travel_Rarely,Under 25,R&D,Life Sciences,1,Male,Laboratory Technician,Married,No,24,18,High School,2,1,3,2774,6,3,5,3,1,2
115,No,Travel_Rarely,25 - 34,R&D,Life Sciences,1,Female,Research Scientist,Divorced,No,34,6,Master's Degree,3,2,2,4505,12,3,1,0,0,0
116,No,Travel_Rarely,35 - 44,Sales,Life Sciences,1,Male,Sales Executive,Single,No,37,3,Bachelor's Degree,3,3,4,7428,12,3,5,3,1,3
117,No,Travel_Rarely,25 - 34,R&D,Medical,1,Female,Manager,Single,No,34,5,Bachelor's Degree,3,3,1,11631,14,3,11,10,5,8
118,No,Travel_Frequently,35 - 44,Sales,Technical Degree,1,Female,Sales Executive,Married,No,36,11,Associates Degree,2,3,4,9738,10,3,9,7,2,8
119,No,Travel_Rarely,35 - 44,R&D,Life Sciences,1,Female,Laboratory Technician,Divorced,No,36,3,Associates Degree,1,1,4,2835,7,3,1,0,0,0
120,No,Travel_Frequently,35 - 44,Sales,Life Sciences,1,Male,Manager,Married,Yes,43,26,Associates Degree,3,4,4,16959,25,4,25,12,4,12
121,No,Travel_Frequently,25 - 34,R&D,Life Sciences,1,Male,Research Scientist,Divorced,No,30,23,Bachelor's Degree,1,1,3,2613,10,2,10,7,0,9
122,No,Non-Travel,25 - 34,Sales,Marketing,1,Male,Sales Executive,Married,No,33,22,Associates Degree,3,2,2,6146,8,4,7,7,0,7
123,Yes,Travel_Rarely,Over 55,R&D,Life Sciences,1,Female,Research Scientist,Married,Yes,56,14,Master's Degree,2,1,2,4963,7,3,5,4,4,3
124,No,Travel_Rarely,45 - 54,R&D,Life Sciences,1,Male,Research Director,Single,No,51,6,Bachelor's Degree,1,5,3,19537,23,3,20,18,15,15
125,Yes,Travel_Rarely,25 - 34,Sales,Life Sciences,1,Male,Sales Executive,Married,Yes,31,6,Master's Degree,2,2,3,6172,12,2,7,7,7,7
126,No,Travel_Rarely,25 - 34,R&D,Other,1,Female,Research Scientist,Married,No,26,6,Bachelor's Degree,3,1,2,2368,5,2,5,4,4,3
127,Yes,Travel_Rarely,Over 55,R&D,Medical,1,Female,Healthcare Representative,Married,No,58,23,Master's Degree,4,3,4,10312,40,2,40,10,15,6
128,Yes,Travel_Rarely,Under 25,Sales,Marketing,1,Male,Sales Representative,Single,Yes,19,22,High School,4,1,3,1675,0,2,0,0,0,0
129,No,Travel_Rarely,Under 25,R&D,Technical Degree,1,Male,Laboratory Technician,Married,No,22,2,High School,3,1,4,2523,3,3,2,1,2,1
130,No,Travel_Rarely,45 - 54,R&D,Medical,1,Female,Manufacturing Director,Married,No,49,20,Master's Degree,3,2,1,6567,16,2,15,11,5,11
131,No,Travel_Frequently,35 - 44,R&D,Medical,1,Female,Research Scientist,Single,No,43,28,Bachelor's Degree,2,1,3,4739,18,3,3,2,1,2
132,No,Travel_Frequently,45 - 54,Sales,Marketing,1,Female,Sales Executive,Single,No,50,12,Bachelor's Degree,3,3,4,9208,16,3,2,2,2,1
133,Yes,Travel_Rarely,25 - 34,Sales,Life Sciences,1,Female,Sales Executive,Married,Yes,31,20,Bachelor's Degree,2,2,3,4559,4,3,2,2,2,2
134,No,Travel_Rarely,35 - 44,Sales,Life Sciences,1,Male,Sales Executive,Divorced,Yes,41,9,High School,3,3,3,8189,12,3,9,7,0,7
135,No,Travel_Rarely,25 - 34,HR,Life Sciences,1,Female,Human Resources,Married,No,26,25,High School,3,1,3,2942,8,3,8,7,5,7
136,No,Travel_Rarely,35 - 44,R&D,Medical,1,Male,Manufacturing Director,Divorced,No,36,6,Associates Degree,2,2,2,4941,7,3,3,2,0,1
137,Yes,Travel_Frequently,45 - 54,R&D,Life Sciences,1,Male,Manufacturing Director,Single,No,51,8,Master's Degree,1,3,4,10650,18,3,4,2,0,3
138,No,Travel_Rarely,35 - 44,Sales,Life Sciences,1,Female,Sales Executive,Married,No,39,4,Master's Degree,4,2,3,5902,17,4,15,11,5,9
139,No,Travel_Rarely,25 - 34,Sales,Life Sciences,1,Male,Sales Executive,Married,No,25,28,Bachelor's Degree,1,2,3,8639,6,3,2,2,2,2
140,No,Travel_Rarely,25 - 34,HR,Human Resources,1,Male,Human Resources,Married,Yes,30,9,Bachelor's Degree,3,2,4,6347,12,1,11,9,4,7
141,Yes,Travel_Rarely,25 - 34,R&D,Medical,1,Female,Laboratory Technician,Single,No,32,9,Bachelor's Degree,1,1,1,4200,10,4,5,4,0,4
142,No,Travel_Rarely,45 - 54,R&D,Medical,1,Male,Research Scientist,Single,No,45,29,Bachelor's Degree,3,1,4,3452,9,2,6,5,0,3
143,No,Travel_Rarely,35 - 44,R&D,Technical Degree,1,Female,Research Scientist,Single,Yes,38,3,Doctoral Degree,4,2,3,4317,19,3,3,2,2,2
144,No,Travel_Rarely,25 - 34,R&D,Life Sciences,1,Female,Research Scientist,Single,No,30,18,Bachelor's Degree,1,1,3,2632,5,2,5,4,0,4
145,No,Travel_Frequently,25 - 34,Sales,Medical,1,Male,Sales Executive,Divorced,No,32,9,Associates Degree,4,2,4,4668,9,4,8,7,0,7
146,No,Travel_Rarely,25 - 34,R&D,Technical Degree,1,Female,Research Scientist,Divorced,No,30,5,Bachelor's Degree,4,1,1,3204,8,3,3,2,2,2
147,No,Travel_Rarely,25 - 34,R&D,Medical,1,Male,Laboratory Technician,Single,No,30,2,High School,2,1,4,2720,6,3,5,3,1,2
148,No,Travel_Frequently,35 - 44,R&D,Life Sciences,1,Male,Manager,Divorced,No,41,10,Bachelor's Degree,4,4,1,17181,21,2,7,6,7,7
149,No,Travel_Rarely,35 - 44,R&D,Life Sciences,1,Male,Laboratory Technician,Married,No,41,9,Master's Degree,3,1,1,2238,7,3,5,0,1,4
150,No,Travel_Rarely,Under 25,R&D,Medical,1,Female,Laboratory Technician,Single,No,19,3,High School,2,1,2,1483,1,3,1,0,0,0
151,No,Travel_Frequently,35 - 44,R&D,Medical,1,Female,Research Scientist,Divorced,No,40,26,Bachelor's Degree,2,2,2,5605,20,3,20,7,2,13
152,No,Travel_Rarely,35 - 44,Sales,Marketing,1,Male,Sales Executive,Married,No,35,1,Doctoral Degree,3,3,2,7295,10,3,10,8,0,6
153,No,Travel_Rarely,45 - 54,Sales,Marketing,1,Male,Sales Representative,Married,Yes,53,6,Associates Degree,2,2,3,2306,13,1,7,7,4,5
154,No,Travel_Rarely,45 - 54,R&D,Life Sciences,1,Male,Laboratory Technician,Divorced,No,45,9,Bachelor's Degree,2,2,2,2348,20,1,17,9,0,15
155,No,Travel_Frequently,25 - 34,Sales,Marketing,1,Female,Sales Executive,Single,No,32,8,Bachelor's Degree,2,3,4,8998,9,3,9,8,3,7
156,No,Non-Travel,25 - 34,R&D,Technical Degree,1,Male,Manufacturing Director,Married,No,29,1,High School,4,2,3,4319,10,3,10,7,0,9
157,No,Travel_Rarely,45 - 54,R&D,Medical,1,Male,Manufacturing Director,Married,No,51,7,Master's Degree,2,2,3,6132,10,3,1,0,0,0
158,No,Travel_Rarely,Over 55,R&D,Medical,1,Female,Research Scientist,Married,Yes,58,9,Bachelor's Degree,2,1,2,3346,9,2,1,0,0,0
159,No,Travel_Rarely,35 - 44,Sales,Marketing,1,Male,Sales Executive,Married,No,40,4,Master's Degree,3,3,4,10855,15,2,12,11,2,11
160,No,Travel_Frequently,25 - 34,Sales,Marketing,1,Female,Sales Representative,Married,No,34,2,Master's Degree,3,1,3,2231,6,3,4,3,1,2
161,No,Travel_Rarely,Under 25,R&D,Medical,1,Male,Research Scientist,Married,No,22,19,High School,3,1,4,2323,2,3,2,2,2,2
162,No,Non-Travel,25 - 34,R&D,Medical,1,Male,Research Scientist,Divorced,No,27,9,Bachelor's Degree,4,1,2,2024,6,1,2,2,2,2
163,No,Travel_Rarely,25 - 34,R&D,Medical,1,Male,Research Scientist,Married,No,28,21,Bachelor's Degree,3,1,4,2713,5,1,5,2,0,2
164,No,Travel_Rarely,Over 55,R&D,Life Sciences,1,Male,Healthcare Representative,Divorced,Yes,57,24,Associates Degree,3,3,4,9439,12,1,5,3,1,4
165,No,Non-Travel,25 - 34,R&D,Medical,1,Male,Research Scientist,Divorced,Yes,27,3,Bachelor's Degree,3,1,3,2566,1,2,1,1,0,1
166,No,Travel_Rarely,45 - 54,R&D,Life Sciences,1,Female,Manager,Single,No,50,11,Bachelor's Degree,3,5,2,19926,21,3,5,4,4,4
167,No,Travel_Rarely,35 - 44,R&D,Life Sciences,1,Male,Research Scientist,Divorced,No,41,14,Bachelor's Degree,1,1,3,2451,13,3,9,8,1,8
168,No,Travel_Rarely,25 - 34,Sales,Life Sciences,1,Female,Sales Executive,Married,No,30,5,Bachelor's Degree,2,3,4,9419,12,3,10,9,7,4
169,No,Travel_Rarely,35 - 44,Sales,Life Sciences,1,Female,Sales Executive,Single,No,38,1,Master's Degree,1,2,4,8686,12,4,8,3,0,7
170,No,Travel_Rarely,25 - 34,R&D,Life Sciences,1,Male,Research Scientist,Single,No,32,6,Doctoral Degree,3,1,3,3038,8,3,5,4,1,4
171,No,Travel_Rarely,25 - 34,R&D,Technical Degree,1,Male,Research Scientist,Married,Yes,27,17,Bachelor's Degree,3,1,2,3058,6,2,5,2,1,1
172,Yes,Travel_Frequently,Under 25,Sales,Technical Degree,1,Female,Sales Representative,Single,No,19,1,High School,3,1,1,2325,1,4,0,0,0,0
173,No,Travel_Frequently,35 - 44,R&D,Medical,1,Male,Laboratory Technician,Single,No,36,3,Associates Degree,4,1,2,2088,13,2,8,7,7,2
174,No,Non-Travel,25 - 34,R&D,Medical,1,Male,Laboratory Technician,Divorced,No,30,9,Bachelor's Degree,3,2,1,3072,12,3,12,9,6,10
175,No,Travel_Rarely,45 - 54,Sales,Life Sciences,1,Female,Sales Executive,Divorced,Yes,45,4,Associates Degree,3,2,1,5006,9,4,5,4,0,3
176,No,Travel_Rarely,Over 55,R&D,Life Sciences,1,Female,Research Scientist,Divorced,Yes,56,8,Bachelor's Degree,3,1,1,4257,19,3,2,2,2,2
177,No,Travel_Rarely,25 - 34,R&D,Life Sciences,1,Male,Research Scientist,Single,No,33,2,Bachelor's Degree,3,1,4,2500,4,4,3,1,0,2
178,Yes,Travel_Rarely,Under 25,R&D,Life Sciences,1,Male,Laboratory Technician,Single,No,19,2,Bachelor's Degree,2,1,4,1102,1,2,1,0,1,0
179,No,Travel_Rarely,45 - 54,Sales,Marketing,1,Female,Sales Executive,Divorced,No,46,1,Associates Degree,2,3,1,10453,24,3,24,13,15,7
180,No,Travel_Rarely,35 - 44,R&D,Life Sciences,1,Female,Laboratory Technician,Single,No,38,9,Associates Degree,3,1,4,2288,2,3,2,2,2,1
181,No,Travel_Rarely,25 - 34,R&D,Medical,1,Female,Research Scientist,Married,Yes,31,12,High School,3,1,4,3929,7,3,4,2,0,2
182,No,Travel_Rarely,25 - 34,R&D,Medical,1,Female,Research Scientist,Single,No,34,27,Associates Degree,4,1,2,2311,9,3,3,2,1,2
183,Yes,Travel_Rarely,35 - 44,Sales,Marketing,1,Female,Sales Representative,Single,Yes,41,20,Associates Degree,2,1,2,3140,4,2,4,3,0,2
184,No,Travel_Rarely,45 - 54,R&D,Medical,1,Male,Laboratory Technician,Married,No,50,1,Bachelor's Degree,3,1,3,3690,5,2,3,2,0,2
185,No,Travel_Rarely,45 - 54,R&D,Medical,1,Female,Manufacturing Director,Divorced,No,53,13,Associates Degree,4,2,1,4450,5,3,4,2,1,3
186,No,Travel_Rarely,25 - 34,R&D,Medical,1,Female,Research Scientist,Married,No,33,14,Bachelor's Degree,4,1,2,2756,8,3,8,7,1,6
187,No,Travel_Rarely,35 - 44,R&D,Medical,1,Female,Manager,Married,No,40,4,High School,4,5,3,19033,21,3,20,8,9,9
188,No,Travel_Rarely,Over 55,R&D,Medical,1,Male,Research Director,Single,No,55,14,Master's Degree,3,5,2,18722,36,3,24,15,2,15
189,No,Travel_Frequently,25 - 34,R&D,Life Sciences,1,Male,Manufacturing Director,Married,No,34,2,High School,4,2,3,9547,10,2,10,9,1,9
190,No,Travel_Rarely,45 - 54,R&D,Medical,1,Female,Healthcare Representative,Single,No,51,3,Bachelor's Degree,4,4,2,13734,21,3,7,7,1,0
191,No,Travel_Rarely,45 - 54,R&D,Life Sciences,1,Male,Manager,Married,No,52,1,Master's Degree,3,5,3,19999,34,3,33,18,11,9
192,No,Travel_Rarely,25 - 34,R&D,Medical,1,Female,Research Scientist,Single,No,27,9,Bachelor's Degree,4,1,2,2279,7,2,7,7,0,3
193,Yes,Travel_Rarely,35 - 44,R&D,Life Sciences,1,Male,Manufacturing Director,Married,Yes,35,23,Associates Degree,2,2,3,5916,8,3,1,0,0,1
194,No,Non-Travel,35 - 44,R&D,Medical,1,Male,Research Scientist,Divorced,No,43,7,Bachelor's Degree,4,1,4,2089,7,4,5,4,2,2
195,No,Non-Travel,45 - 54,R&D,Medical,1,Male,Manager,Married,No,45,2,Associates Degree,1,4,4,16792,22,3,20,8,11,8
196,No,Travel_Rarely,35 - 44,R&D,Life Sciences,1,Male,Research Scientist,Married,Yes,37,21,Bachelor's Degree,2,1,1,3564,8,2,8,7,1,7
197,No,Travel_Frequently,35 - 44,R&D,Medical,1,Female,Laboratory Technician,Single,No,35,2,Bachelor's Degree,2,2,2,4425,10,3,6,2,1,2
198,No,Non-Travel,35 - 44,R&D,Medical,1,Female,Manufacturing Director,Divorced,No,42,21,Associates Degree,3,2,3,5265,11,3,5,3,0,2
199,No,Travel_Rarely,35 - 44,R&D,Life Sciences,1,Male,Manufacturing Director,Married,No,38,2,Master's Degree,4,2,3,6553,14,3,1,0,0,0
200,No,Travel_Rarely,35 - 44,R&D,Technical Degree,1,Male,Manufacturing Director,Married,No,38,29,Bachelor's Degree,4,2,4,6261,9,1,7,7,1,7
201,No,Travel_Frequently,25 - 34,R&D,Technical Degree,1,Male,Manufacturing Director,Married,No,27,1,High School,3,2,1,4298,6,3,2,2,2,0
202,No,Non-Travel,45 - 54,R&D,Life Sciences,1,Male,Manufacturing Director,Divorced,Yes,49,18,Master's Degree,4,2,4,6804,7,3,7,7,1,7
203,No,Travel_Frequently,25 - 34,R&D,Medical,1,Male,Research Scientist,Divorced,Yes,34,10,Master's Degree,4,1,3,3815,5,4,5,3,2,0
204,No,Travel_Rarely,35 - 44,R&D,Medical,1,Male,Laboratory Technician,Married,Yes,40,19,Associates Degree,3,2,4,2741,15,4,7,2,3,7
205,Yes,Travel_Rarely,35 - 44,R&D,Medical,1,Male,Healthcare Representative,Married,Yes,38,29,High School,2,2,1,6673,17,3,1,0,0,0
206,Yes,Travel_Rarely,25 - 34,Sales,Marketing,1,Female,Sales Executive,Married,No,29,27,Bachelor's Degree,2,3,4,7639,10,2,10,4,1,9
207,No,Travel_Rarely,Under 25,R&D,Life Sciences,1,Male,Research Scientist,Divorced,Yes,22,5,Bachelor's Degree,4,1,2,2328,4,2,4,2,2,2
208,No,Travel_Frequently,35 - 44,R&D,Medical,1,Female,Laboratory Technician,Single,No,36,18,High School,2,1,4,2153,8,3,8,1,1,7
209,No,Non-Travel,35 - 44,R&D,Life Sciences,1,Male,Healthcare Representative,Married,No,40,9,Doctoral Degree,4,2,4,4876,5,1,3,2,0,2
210,No,Travel_Rarely,45 - 54,R&D,Medical,1,Male,Healthcare Representative,Divorced,No,46,1,Master's Degree,4,3,1,9396,17,3,4,2,0,3
211,Yes,Travel_Rarely,25 - 34,Sales,Medical,1,Male,Sales Executive,Married,No,32,4,Master's Degree,4,3,4,10400,14,2,14,8,9,8
212,No,Non-Travel,25 - 34,R&D,Life Sciences,1,Male,Manufacturing Director,Single,No,30,1,High School,3,3,3,8474,12,3,11,8,5,8
213,No,Travel_Frequently,25 - 34,Sales,Life Sciences,1,Female,Sales Executive,Single,No,27,20,Bachelor's Degree,4,2,3,9981,7,3,7,7,0,7
214,No,Travel_Rarely,45 - 54,R&D,Life Sciences,1,Male,Research Director,Married,No,51,8,Master's Degree,2,3,2,12490,16,1,10,9,4,7
215,Yes,Travel_Rarely,25 - 34,R&D,Technical Degree,1,Female,Research Scientist,Single,Yes,30,3,Bachelor's Degree,4,1,1,2657,8,3,5,2,0,4
216,No,Travel_Rarely,35 - 44,Sales,Life Sciences,1,Female,Manager,Single,Yes,41,6,Bachelor's Degree,4,3,4,13591,16,3,1,0,0,0
217,Yes,Travel_Frequently,25 - 34,Sales,Marketing,1,Female,Sales Executive,Single,No,30,26,Master's Degree,3,2,1,6696,9,2,6,3,0,1
218,Yes,Travel_Rarely,25 - 34,R&D,Technical Degree,1,Male,Research Scientist,Single,No,29,1,Bachelor's Degree,3,1,3,2058,7,2,6,2,1,5
219,No,Non-Travel,45 - 54,Sales,Medical,1,Female,Sales Executive,Single,No,45,6,Bachelor's Degree,4,3,4,8865,23,3,19,7,12,8
220,No,Travel_Rarely,45 - 54,Sales,Marketing,1,Female,Sales Executive,Married,No,54,3,Bachelor's Degree,4,2,1,5940,16,3,6,2,0,5
221,No,Travel_Rarely,35 - 44,R&D,Life Sciences,1,Male,Laboratory Technician,Single,No,36,5,Associates Degree,4,2,2,5914,16,4,13,11,3,7
222,No,Travel_Rarely,25 - 34,R&D,Medical,1,Female,Research Scientist,Married,No,33,4,Master's Degree,3,1,2,2622,7,3,3,2,1,1
223,No,Travel_Frequently,35 - 44,R&D,Other,1,Male,Research Director,Divorced,Yes,37,11,Bachelor's Degree,2,3,4,12185,10,3,10,8,0,7
224,No,Travel_Rarely,35 - 44,Sales,Life Sciences,1,Male,Sales Executive,Divorced,No,38,3,Bachelor's Degree,1,3,3,10609,17,2,16,10,5,13
225,No,Non-Travel,25 - 34,R&D,Medical,1,Male,Manufacturing Director,Married,No,31,1,Master's Degree,3,2,3,4345,6,3,5,4,1,4
226,No,Travel_Rarely,Over 55,R&D,Life Sciences,1,Male,Research Scientist,Married,No,59,3,Bachelor's Degree,3,1,4,2177,7,3,1,0,0,0
227,No,Travel_Frequently,35 - 44,Sales,Marketing,1,Male,Sales Representative,Divorced,No,37,4,Master's Degree,1,1,4,2793,13,3,9,8,5,8
228,No,Travel_Frequently,25 - 34,Sales,Medical,1,Female,Sales Executive,Married,No,29,1,High School,2,3,4,7918,11,3,11,10,4,1
229,No,Travel_Frequently,35 - 44,Sales,Marketing,1,Female,Sales Executive,Single,No,35,1,Bachelor's Degree,3,3,3,8789,10,4,10,7,0,8
230,Yes,Travel_Rarely,25 - 34,R&D,Medical,1,Male,Research Scientist,Single,Yes,29,18,High School,3,1,4,2389,4,2,4,3,0,1
231,No,Travel_Rarely,45 - 54,R&D,Life Sciences,1,Female,Laboratory Technician,Single,No,52,2,Bachelor's Degree,3,1,4,3212,6,2,2,2,2,2
232,No,Travel_Rarely,35 - 44,R&D,Technical Degree,1,Male,Manager,Married,No,42,4,Associates Degree,3,5,4,19232,22,3,22,17,11,15
233,No,Travel_Rarely,Over 55,HR,Medical,1,Male,Human Resources,Married,No,59,6,Associates Degree,2,1,3,2267,7,2,2,2,2,2
234,No,Travel_Rarely,45 - 54,Sales,Medical,1,Female,Manager,Divorced,No,50,1,Master's Degree,4,5,4,19517,32,2,7,0,0,6
235,Yes,Travel_Rarely,25 - 34,R&D,Medical,1,Male,Laboratory Technician,Married,Yes,33,14,Bachelor's Degree,3,1,4,2436,8,1,5,4,0,4
236,No,Travel_Rarely,35 - 44,Sales,Marketing,1,Female,Manager,Married,Yes,43,16,Bachelor's Degree,4,4,4,16064,22,3,17,13,1,9
237,Yes,Travel_Rarely,25 - 34,R&D,Life Sciences,1,Female,Laboratory Technician,Married,No,33,2,Associates Degree,1,1,1,2707,13,4,9,7,1,7
238,No,Non-Travel,45 - 54,Sales,Life Sciences,1,Male,Manager,Single,Yes,52,2,Master's Degree,1,5,3,19068,33,4,33,7,15,12
239,No,Travel_Rarely,25 - 34,Sales,Life Sciences,1,Female,Sales Representative,Married,No,32,4,Associates Degree,3,1,2,3931,6,3,4,3,1,2
240,Yes,Travel_Rarely,25 - 34,R&D,Life Sciences,1,Male,Laboratory Technician,Single,Yes,32,1,Bachelor's Degree,4,1,3,3730,4,1,3,2,1,2
241,No,Travel_Rarely,35 - 44,R&D,Medical,1,Female,Laboratory Technician,Divorced,No,39,1,Master's Degree,3,1,3,2232,7,3,3,2,1,2
242,No,Non-Travel,25 - 34,Sales,Marketing,1,Male,Sales Executive,Married,No,32,26,Master's Degree,3,2,4,4465,4,3,3,2,2,2
243,No,Travel_Rarely,35 - 44,R&D,Life Sciences,1,Male,Research Scientist,Divorced,No,41,19,Associates Degree,3,2,1,3072,17,2,1,0,0,0
244,No,Travel_Rarely,35 - 44,R&D,Technical Degree,1,Male,Research Scientist,Divorced,No,40,24,Associates Degree,1,2,4,3319,9,3,9,8,4,7
245,No,Travel_Rarely,45 - 54,R&D,Other,1,Male,Manager,Married,No,45,1,Bachelor's Degree,3,5,4,19202,25,3,24,0,1,7
246,No,Travel_Frequently,25 - 34,R&D,Medical,1,Male,Research Director,Divorced,No,31,3,Master's Degree,2,3,3,13675,9,3,2,2,2,2
247,No,Travel_Rarely,25 - 34,R&D,Life Sciences,1,Female,Research Scientist,Married,No,33,5,Master's Degree,3,1,4,2911,2,2,2,2,0,2
248,No,Travel_Rarely,25 - 34,R&D,Life Sciences,1,Male,Manufacturing Director,Married,No,34,2,Master's Degree,4,2,1,5957,13,3,11,9,5,9
249,No,Travel_Rarely,35 - 44,R&D,Medical,1,Female,Research Scientist,Married,No,37,1,Associates Degree,3,1,1,3920,17,2,3,1,0,2
250,No,Travel_Frequently,45 - 54,R&D,Life Sciences,1,Male,Manufacturing Director,Married,No,45,7,Master's Degree,1,2,3,6434,9,3,3,2,0,2
251,Yes,Travel_Frequently,35 - 44,R&D,Medical,1,Male,Manufacturing Director,Divorced,No,37,10,Bachelor's Degree,1,3,3,10048,17,3,1,0,0,0
252,No,Travel_Frequently,35 - 44,R&D,Technical Degree,1,Female,Healthcare Representative,Single,No,39,2,Master's Degree,3,3,3,10938,20,3,19,6,11,8
253,No,Travel_Rarely,25 - 34,R&D,Life Sciences,1,Male,Research Scientist,Single,No,29,15,Bachelor's Degree,3,1,4,2340,6,3,6,5,1,5
254,No,Travel_Rarely,35 - 44,R&D,Life Sciences,1,Female,Research Scientist,Single,Yes,42,17,Associates Degree,4,2,1,6545,10,3,3,2,0,2
255,No,Travel_Rarely,25 - 34,Sales,Marketing,1,Male,Sales Executive,Divorced,No,29,20,Associates Degree,4,2,4,6931,10,3,3,2,0,2
256,No,Travel_Rarely,25 - 34,R&D,Life Sciences,1,Female,Manufacturing Director,Married,No,25,1,Bachelor's Degree,1,2,3,4898,5,3,4,2,1,2
257,No,Travel_Rarely,35 - 44,R&D,Medical,1,Female,Laboratory Technician,Divorced,Yes,42,2,Bachelor's Degree,4,1,1,2593,10,3,9,6,7,8
258,No,Travel_Rarely,35 - 44,R&D,Medical,1,Male,Research Director,Divorced,No,40,2,Associates Degree,1,5,3,19436,22,3,21,7,3,9
259,No,Travel_Rarely,45 - 54,R&D,Life Sciences,1,Male,Research Scientist,Married,No,51,1,Bachelor's Degree,3,1,4,2723,1,2,1,0,0,0
260,Yes,Travel_Frequently,25 - 34,R&D,Medical,1,Male,Laboratory Technician,Single,No,31,29,Associates Degree,3,1,2,3479,6,4,5,4,1,4
261,No,Travel_Frequently,25 - 34,R&D,Life Sciences,1,Male,Laboratory Technician,Married,No,32,7,Bachelor's Degree,2,1,2,2794,5,1,5,1,0,3
262,No,Non-Travel,35 - 44,Sales,Life Sciences,1,Male,Sales Executive,Married,No,38,2,Associates Degree,4,2,4,5249,13,3,8,7,7,5
263,No,Travel_Rarely,25 - 34,R&D,Technical Degree,1,Male,Laboratory Technician,Single,No,32,2,High School,4,2,1,2176,9,3,6,2,0,4
264,No,Travel_Rarely,45 - 54,Sales,Technical Degree,1,Female,Manager,Married,Yes,46,2,Bachelor's Degree,3,4,2,16872,28,2,7,7,7,7
265,Yes,Travel_Rarely,25 - 34,R&D,Life Sciences,1,Male,Laboratory Technician,Single,No,28,2,Master's Degree,1,1,3,3485,5,1,0,0,0,0
266,No,Travel_Rarely,25 - 34,Sales,Medical,1,Male,Sales Executive,Married,No,29,2,Bachelor's Degree,1,2,2,6644,10,3,0,0,0,0
267,No,Travel_Rarely,25 - 34,R&D,Medical,1,Male,Healthcare Representative,Married,No,31,23,Bachelor's Degree,2,2,4,5582,10,3,9,0,7,8
268,No,Non-Travel,25 - 34,R&D,Life Sciences,1,Male,Healthcare Representative,Divorced,No,25,5,Associates Degree,2,2,1,4000,6,3,6,3,1,5
269,No,Travel_Rarely,45 - 54,R&D,Medical,1,Male,Healthcare Representative,Married,Yes,45,20,Associates Degree,3,4,4,13496,21,3,20,7,4,10
270,No,Travel_Rarely,35 - 44,R&D,Life Sciences,1,Male,Laboratory Technician,Married,No,36,6,Bachelor's Degree,4,1,4,3210,16,3,15,13,10,11
271,No,Travel_Rarely,Over 55,R&D,Medical,1,Male,Manager,Single,Yes,55,1,Bachelor's Degree,4,5,1,19045,37,3,36,10,4,13
272,Yes,Non-Travel,45 - 54,R&D,Life Sciences,1,Male,Manager,Married,Yes,47,29,Master's Degree,1,3,2,11849,10,2,10,7,9,9
273,No,Travel_Rarely,25 - 34,R&D,Medical,1,Male,Research Scientist,Married,No,28,9,Bachelor's Degree,4,1,4,2070,5,2,5,2,0,4
274,No,Travel_Rarely,35 - 44,Sales,Medical,1,Male,Sales Executive,Married,No,37,6,Master's Degree,3,2,4,6502,7,4,5,4,0,1
275,No,Travel_Rarely,Under 25,R&D,Medical,1,Male,Research Scientist,Single,No,21,3,Associates Degree,4,1,3,3230,3,4,3,2,1,0
276,No,Non-Travel,35 - 44,R&D,Medical,1,Female,Research Director,Divorced,Yes,37,1,Master's Degree,1,3,4,13603,15,3,5,2,0,2
277,No,Travel_Rarely,35 - 44,R&D,Life Sciences,1,Female,Manager,Divorced,No,35,22,Bachelor's Degree,2,3,2,11996,10,2,7,7,6,2
278,No,Travel_Rarely,35 - 44,Sales,Medical,1,Female,Sales Executive,Divorced,Yes,38,7,Associates Degree,1,2,1,5605,8,3,8,0,7,7
279,No,Travel_Frequently,25 - 34,R&D,Life Sciences,1,Female,Manufacturing Director,Divorced,No,26,1,Bachelor's Degree,3,2,2,6397,6,1,6,5,1,4
280,No,Travel_Rarely,45 - 54,R&D,Life Sciences,1,Male,Research Director,Divorced,No,50,4,High School,1,5,2,19144,28,2,10,4,1,6
281,No,Travel_Rarely,45 - 54,R&D,Medical,1,Male,Research Director,Married,Yes,53,3,Master's Degree,3,4,3,17584,21,2,5,3,1,3
282,No,Travel_Rarely,35 - 44,Sales,Life Sciences,1,Male,Sales Executive,Married,No,42,1,High School,2,2,3,4907,20,3,20,16,11,6
283,No,Travel_Frequently,25 - 34,Sales,Life Sciences,1,Male,Sales Executive,Single,No,29,2,Associates Degree,2,2,4,4554,10,2,10,7,0,9
284,No,Travel_Rarely,Over 55,R&D,Technical Degree,1,Male,Laboratory Technician,Married,Yes,55,20,Associates Degree,2,2,4,5415,12,3,10,7,0,8
285,No,Travel_Frequently,25 - 34,R&D,Medical,1,Male,Healthcare Representative,Married,Yes,26,11,Associates Degree,1,2,1,4741,5,3,5,3,3,3
286,No,Travel_Rarely,35 - 44,R&D,Life Sciences,1,Female,Research Scientist,Single,No,37,1,Bachelor's Degree,4,1,4,2115,17,3,17,12,5,7
287,Yes,Travel_Frequently,35 - 44,R&D,Life Sciences,1,Male,Laboratory Technician,Divorced,Yes,44,24,Bachelor's Degree,4,1,3,3161,19,1,1,0,0,0
288,No,Travel_Rarely,35 - 44,R&D,Life Sciences,1,Male,Healthcare Representative,Divorced,No,38,23,Master's Degree,4,2,4,5745,10,3,2,2,1,2
289,Yes,Travel_Rarely,25 - 34,R&D,Medical,1,Male,Laboratory Technician,Divorced,Yes,26,16,Master's Degree,1,1,2,2373,5,3,3,2,0,2
290,No,Travel_Rarely,25 - 34,R&D,Life Sciences,1,Female,Research Scientist,Single,No,28,8,Associates Degree,4,1,4,3310,5,3,5,3,0,2
291,No,Travel_Frequently,45 - 54,R&D,Life Sciences,1,Female,Research Director,Single,Yes,49,10,Master's Degree,3,5,1,18665,22,3,3,2,1,2
292,No,Travel_Rarely,35 - 44,R&D,Technical Degree,1,Male,Research Scientist,Single,No,36,3,Bachelor's Degree,3,2,2,4485,10,3,8,0,7,7
293,No,Travel_Frequently,25 - 34,Sales,Marketing,1,Female,Sales Representative,Divorced,No,31,5,Bachelor's Degree,4,1,2,2789,2,2,2,2,2,2
294,Yes,Travel_Rarely,25 - 34,Sales,Marketing,1,Male,Sales Executive,Single,Yes,26,4,Master's Degree,4,2,4,5828,8,3,8,7,7,4
295,No,Travel_Frequently,35 - 44,R&D,Medical,1,Male,Research Scientist,Married,Yes,37,9,Bachelor's Degree,2,1,4,2326,4,2,4,2,1,2
296,No,Travel_Frequently,35 - 44,Sales,Marketing,1,Female,Sales Executive,Married,No,42,26,Bachelor's Degree,3,4,2,13525,23,4,20,4,4,8
297,Yes,Travel_Rarely,Under 25,R&D,Life Sciences,1,Male,Laboratory Technician,Single,No,18,3,Bachelor's Degree,3,1,3,1420,0,3,0,0,0,0
298,No,Travel_Rarely,35 - 44,Sales,Marketing,1,Male,Sales Executive,Married,No,35,16,Bachelor's Degree,3,3,2,8020,12,2,11,9,6,9
299,No,Travel_Frequently,35 - 44,R&D,Life Sciences,1,Male,Laboratory Technician,Married,No,36,18,Master's Degree,3,1,4,3688,4,3,1,0,0,0
300,No,Travel_Rarely,45 - 54,R&D,Medical,1,Male,Manufacturing Director,Divorced,No,51,2,Bachelor's Degree,4,2,2,5482,13,3,4,1,1,2
301,No,Travel_Rarely,35 - 44,Sales,Life Sciences,1,Male,Manager,Single,No,41,2,Master's Degree,4,4,2,16015,22,3,22,10,0,4
302,No,Travel_Rarely,Under 25,Sales,Medical,1,Female,Sales Representative,Single,No,18,10,Bachelor's Degree,4,1,3,1200,0,3,0,0,0,0
303,No,Travel_Rarely,25 - 34,R&D,Medical,1,Male,Healthcare Representative,Single,No,28,16,Associates Degree,2,2,1,5661,9,3,8,3,0,7
304,No,Travel_Rarely,25 - 34,Sales,Technical Degree,1,Male,Sales Executive,Married,No,31,7,Bachelor's Degree,2,2,4,6929,10,2,8,7,7,7
305,No,Travel_Rarely,35 - 44,R&D,Medical,1,Male,Healthcare Representative,Divorced,No,39,1,Bachelor's Degree,3,3,4,9613,19,2,18,10,3,7
306,No,Non-Travel,35 - 44,R&D,Life Sciences,1,Female,Laboratory Technician,Married,No,36,24,Master's Degree,2,2,2,5674,11,3,9,8,0,8
307,No,Travel_Rarely,25 - 34,Sales,Life Sciences,1,Male,Sales Executive,Married,No,32,7,Bachelor's Degree,4,2,3,5484,13,2,13,8,4,8
308,No,Travel_Rarely,35 - 44,R&D,Life Sciences,1,Female,Research Director,Married,No,38,25,Associates Degree,1,3,2,12061,19,3,10,8,0,1
309,No,Non-Travel,Over 55,R&D,Life Sciences,1,Male,Healthcare Representative,Divorced,Yes,58,1,Master's Degree,4,2,3,5660,12,3,5,3,1,2
310,No,Travel_Rarely,25 - 34,R&D,Technical Degree,1,Male,Research Scientist,Married,Yes,31,5,Master's Degree,3,1,4,4821,6,3,5,2,0,3
311,No,Travel_Rarely,25 - 34,HR,Human Resources,1,Male,Human Resources,Married,No,31,2,Bachelor's Degree,1,2,1,6410,9,3,2,2,1,0
312,No,Travel_Frequently,45 - 54,R&D,Life Sciences,1,Male,Laboratory Technician,Divorced,No,45,7,Bachelor's Degree,1,3,1,5210,24,3,24,9,9,11
313,No,Travel_Rarely,25 - 34,R&D,Life Sciences,1,Male,Research Scientist,Divorced,Yes,31,2,Master's Degree,3,1,4,2695,3,1,2,2,2,2
314,No,Travel_Frequently,25 - 34,R&D,Life Sciences,1,Female,Manager,Married,No,33,5,Master's Degree,4,3,2,11878,12,3,10,6,8,8
315,No,Travel_Rarely,35 - 44,R&D,Medical,1,Male,Manager,Married,Yes,39,10,High School,3,4,1,17068,21,3,21,9,11,10
316,No,Travel_Frequently,35 - 44,R&D,Life Sciences,1,Female,Laboratory Technician,Single,No,43,10,Master's Degree,3,1,4,2455,9,3,8,7,1,7
317,No,Travel_Rarely,45 - 54,R&D,Technical Degree,1,Female,Healthcare Representative,Single,Yes,49,1,Associates Degree,3,4,3,13964,25,3,7,1,0,7
318,Yes,Travel_Rarely,45 - 54,R&D,Medical,1,Male,Research Scientist,Married,No,52,8,Master's Degree,3,2,2,4941,11,2,8,2,7,7
319,No,Travel_Rarely,25 - 34,R&D,Life Sciences,1,Female,Research Scientist,Single,Yes,27,5,Bachelor's Degree,3,1,2,2478,4,2,4,3,1,2
320,No,Travel_Rarely,25 - 34,Sales,Technical Degree,1,Female,Sales Executive,Married,Yes,32,8,Associates Degree,3,2,2,5228,13,3,13,12,11,9
321,No,Travel_Rarely,25 - 34,Sales,Life Sciences,1,Male,Sales Executive,Single,Yes,27,2,Bachelor's Degree,4,2,3,4478,5,3,5,4,0,4
322,No,Travel_Rarely,25 - 34,Sales,Marketing,1,Male,Sales Executive,Divorced,No,31,7,Bachelor's Degree,4,2,4,7547,13,3,7,7,1,7
323,No,Travel_Rarely,25 - 34,R&D,Medical,1,Female,Research Scientist,Single,No,32,2,Master's Degree,1,2,4,5055,10,2,7,7,0,7
324,Yes,Travel_Rarely,25 - 34,R&D,Medical,1,Male,Research Scientist,Married,Yes,28,2,Master's Degree,1,1,4,3464,5,2,3,2,2,2
325,No,Travel_Rarely,25 - 34,R&D,Medical,1,Female,Research Scientist,Married,No,30,28,Associates Degree,4,2,4,5775,11,3,10,8,1,9
326,No,Travel_Frequently,25 - 34,R&D,Life Sciences,1,Female,Manufacturing Director,Married,No,31,7,Associates Degree,3,3,3,8943,10,3,10,9,8,9
327,No,Travel_Frequently,35 - 44,R&D,Medical,1,Male,Manager,Married,No,39,7,Associates Degree,3,5,4,19272,21,3,21,9,13,3
328,Yes,Travel_Rarely,35 - 44,Sales,Medical,1,Female,Sales Executive,Married,Yes,39,3,Associates Degree,4,2,3,5238,12,2,1,0,0,0
329,No,Travel_Frequently,25 - 34,Sales,Marketing,1,Male,Sales Executive,Single,No,33,10,Bachelor's Degree,2,2,4,4682,9,2,7,7,0,1
330,No,Travel_Rarely,45 - 54,R&D,Life Sciences,1,Male,Research Director,Married,No,47,5,Doctoral Degree,4,5,3,18300,21,3,3,2,1,1
331,No,Travel_Frequently,35 - 44,R&D,Life Sciences,1,Female,Laboratory Technician,Divorced,No,43,10,Master's Degree,3,2,3,5257,9,4,9,7,0,0
332,No,Non-Travel,25 - 34,Sales,Marketing,1,Male,Sales Executive,Married,Yes,27,1,High School,3,2,2,6349,6,3,5,4,1,4
333,No,Travel_Frequently,45 - 54,R&D,Life Sciences,1,Female,Research Scientist,Single,No,54,20,Master's Degree,4,2,3,4869,20,2,4,3,0,3
334,No,Travel_Rarely,35 - 44,R&D,Life Sciences,1,Female,Healthcare Representative,Married,No,43,7,Bachelor's Degree,3,3,1,9985,10,2,1,0,0,0
335,No,Travel_Rarely,45 - 54,R&D,Other,1,Male,Research Scientist,Married,No,45,8,Master's Degree,4,2,4,3697,12,3,10,9,9,8
336,No,Travel_Rarely,35 - 44,Sales,Medical,1,Male,Sales Executive,Married,Yes,40,1,Associates Degree,2,2,4,7457,6,2,4,3,0,2
337,Yes,Travel_Rarely,25 - 34,R&D,Other,1,Male,Laboratory Technician,Married,Yes,29,8,Master's Degree,2,1,1,2119,7,2,7,7,0,7
338,No,Travel_Rarely,25 - 34,R&D,Other,1,Male,Laboratory Technician,Single,No,29,9,Doctoral Degree,2,1,4,3983,4,3,3,2,2,2
339,No,Travel_Rarely,25 - 34,Sales,Marketing,1,Female,Sales Executive,Divorced,No,30,5,Bachelor's Degree,4,2,3,6118,10,3,10,9,1,2
340,No,Travel_Rarely,25 - 34,Sales,Marketing,1,Female,Sales Executive,Married,No,27,8,Master's Degree,2,2,2,6214,8,3,8,7,0,7
341,No,Travel_Rarely,35 - 44,R&D,Medical,1,Male,Manufacturing Director,Divorced,No,37,5,Associates Degree,4,2,4,6347,8,2,6,2,0,4
342,No,Travel_Rarely,35 - 44,R&D,Life Sciences,1,Male,Research Director,Divorced,Yes,38,15,Associates Degree,3,3,4,11510,12,3,11,10,2,9
343,No,Travel_Rarely,25 - 34,R&D,Medical,1,Female,Manufacturing Director,Single,Yes,31,7,Master's Degree,3,3,4,7143,11,2,11,9,4,10
344,No,Travel_Rarely,25 - 34,Sales,Marketing,1,Female,Sales Executive,Divorced,Yes,29,10,High School,4,2,2,8268,7,3,7,7,1,7
345,No,Travel_Rarely,35 - 44,R&D,Technical Degree,1,Male,Manufacturing Director,Single,No,35,5,Master's Degree,3,3,2,8095,17,3,16,6,0,13
346,No,Travel_Rarely,Under 25,R&D,Life Sciences,1,Male,Research Scientist,Divorced,No,23,26,High School,3,1,4,2904,4,2,4,2,0,2
347,No,Travel_Rarely,35 - 44,R&D,Medical,1,Male,Manufacturing Director,Single,Yes,41,6,Bachelor's Degree,4,2,2,6032,8,3,5,4,1,2
348,No,Travel_Frequently,45 - 54,Sales,Medical,1,Male,Sales Representative,Single,No,47,4,High School,2,2,3,2976,5,3,0,0,0,0
349,No,Travel_Rarely,35 - 44,R&D,Life Sciences,1,Female,Research Director,Single,No,42,23,Doctoral Degree,1,4,4,15992,16,3,1,0,0,0
350,No,Non-Travel,25 - 34,Sales,Life Sciences,1,Male,Sales Executive,Married,No,29,2,Bachelor's Degree,4,2,3,4649,4,2,4,3,0,2
351,No,Travel_Rarely,35 - 44,HR,Technical Degree,1,Male,Human Resources,Divorced,Yes,42,2,High School,3,1,3,2696,4,3,3,2,1,0
352,No,Travel_Rarely,25 - 34,R&D,Medical,1,Female,Laboratory Technician,Married,No,32,2,Bachelor's Degree,3,1,2,2370,8,3,8,0,0,7
353,No,Travel_Rarely,45 - 54,Sales,Medical,1,Female,Manager,Married,No,48,29,High School,1,3,3,12504,15,1,0,0,0,0
354,No,Travel_Rarely,35 - 44,R&D,Medical,1,Male,Research Scientist,Divorced,Yes,37,6,Bachelor's Degree,3,2,1,5974,13,3,7,7,6,7
355,No,Non-Travel,25 - 34,Sales,Technical Degree,1,Female,Sales Executive,Married,Yes,30,25,Associates Degree,4,2,3,4736,4,4,2,2,2,2
356,No,Travel_Rarely,25 - 34,Sales,Life Sciences,1,Male,Sales Executive,Married,No,26,1,Bachelor's Degree,3,2,3,5296,8,3,8,7,7,7
357,No,Travel_Rarely,35 - 44,R&D,Other,1,Male,Healthcare Representative,Single,No,42,2,Master's Degree,1,2,4,6781,14,3,1,0,0,0
358,Yes,Travel_Frequently,Under 25,Sales,Technical Degree,1,Female,Sales Representative,Single,Yes,21,1,High School,1,1,2,2174,3,3,3,2,1,2
359,No,Non-Travel,35 - 44,Sales,Medical,1,Female,Sales Executive,Single,No,36,1,Doctoral Degree,4,2,4,6653,7,3,1,0,0,0
360,No,Travel_Frequently,35 - 44,Sales,Medical,1,Male,Sales Executive,Married,No,36,3,Master's Degree,1,3,4,9699,16,3,13,9,1,12
361,No,Travel_Rarely,Over 55,R&D,Medical,1,Male,Healthcare Representative,Married,No,57,1,Master's Degree,4,2,3,6755,15,3,3,2,1,2
362,No,Travel_Rarely,35 - 44,R&D,Life Sciences,1,Female,Laboratory Technician,Married,Yes,40,10,Master's Degree,4,1,3,2213,10,3,7,7,1,7
363,No,Non-Travel,Under 25,Sales,Medical,1,Male,Sales Representative,Single,No,21,9,Associates Degree,1,1,4,2610,3,2,3,2,2,2
364,Yes,Travel_Rarely,25 - 34,Sales,Marketing,1,Female,Sales Representative,Single,Yes,33,5,Bachelor's Degree,4,1,3,2851,1,3,1,0,0,0
365,No,Travel_Rarely,35 - 44,R&D,Medical,1,Female,Laboratory Technician,Married,No,37,10,Bachelor's Degree,3,1,1,3452,17,3,5,4,0,3
366,No,Non-Travel,45 - 54,R&D,Medical,1,Female,Manufacturing Director,Married,No,46,7,Master's Degree,3,2,3,5258,7,4,1,0,0,0
367,Yes,Travel_Frequently,35 - 44,Sales,Marketing,1,Male,Sales Executive,Single,No,41,4,Bachelor's Degree,1,2,2,9355,8,3,8,7,7,7
368,No,Travel_Rarely,45 - 54,R&D,Technical Degree,1,Male,Healthcare Representative,Single,No,50,10,Bachelor's Degree,4,3,4,10496,20,3,4,3,1,3
369,Yes,Travel_Rarely,35 - 44,Sales,Marketing,1,Male,Sales Executive,Married,Yes,40,22,Associates Degree,3,2,3,6380,8,3,6,4,1,0
370,No,Travel_Rarely,25 - 34,R&D,Life Sciences,1,Male,Research Scientist,Single,Yes,31,9,Master's Degree,3,1,2,2657,3,3,2,2,2,2
371,Yes,Travel_Rarely,Under 25,Sales,Life Sciences,1,Female,Sales Representative,Single,No,21,12,Bachelor's Degree,3,1,2,2716,1,3,1,0,0,0
372,No,Travel_Rarely,25 - 34,R&D,Life Sciences,1,Male,Research Scientist,Single,No,29,23,Bachelor's Degree,4,1,4,2201,6,3,3,2,1,2
373,No,Travel_Rarely,35 - 44,R&D,Life Sciences,1,Male,Healthcare Representative,Single,No,35,9,Master's Degree,3,2,2,6540,10,3,1,1,0,0
374,No,Travel_Rarely,25 - 34,R&D,Medical,1,Male,Laboratory Technician,Divorced,No,27,1,Associates Degree,4,1,2,3816,5,3,5,2,0,4
375,No,Travel_Rarely,25 - 34,Sales,Life Sciences,1,Male,Sales Executive,Single,No,28,9,Master's Degree,2,2,4,5253,7,3,7,5,0,7
376,No,Travel_Rarely,45 - 54,R&D,Other,1,Male,Healthcare Representative,Single,No,49,7,Bachelor's Degree,2,3,3,10965,26,3,5,2,0,0
377,No,Travel_Rarely,45 - 54,Sales,Life Sciences,1,Female,Sales Executive,Married,No,51,14,Associates Degree,3,2,4,4936,18,2,7,7,0,7
378,No,Travel_Rarely,35 - 44,R&D,Life Sciences,1,Female,Research Scientist,Married,No,36,2,Bachelor's Degree,4,1,3,2543,6,3,2,2,2,2
379,Yes,Non-Travel,25 - 34,Sales,Marketing,1,Male,Sales Executive,Single,Yes,34,19,Bachelor's Degree,1,2,4,5304,9,2,5,2,0,4
380,No,Travel_Rarely,Over 55,R&D,Life Sciences,1,Female,Manager,Single,Yes,55,2,Bachelor's Degree,3,4,4,16659,30,3,5,4,1,2
381,No,Travel_Rarely,Under 25,Sales,Marketing,1,Female,Sales Executive,Divorced,Yes,24,10,Master's Degree,4,2,3,4260,5,4,5,2,0,3
382,No,Travel_Rarely,25 - 34,Sales,Technical Degree,1,Male,Sales Representative,Married,No,30,2,High School,3,1,2,2476,1,3,1,0,0,0
383,Yes,Travel_Frequently,25 - 34,R&D,Technical Degree,1,Male,Research Scientist,Single,No,26,3,High School,3,1,1,3102,7,3,6,4,0,4
384,No,Travel_Rarely,Under 25,R&D,Medical,1,Female,Research Scientist,Married,No,22,11,Bachelor's Degree,1,1,2,2244,2,3,2,1,1,2
385,No,Travel_Rarely,35 - 44,Sales,Medical,1,Male,Sales Executive,Married,No,36,2,Associates Degree,2,3,3,7596,10,3,10,9,9,0
386,Yes,Travel_Frequently,25 - 34,R&D,Technical Degree,1,Male,Research Scientist,Single,Yes,30,4,Bachelor's Degree,3,1,4,2285,3,3,1,0,0,0
387,No,Travel_Rarely,35 - 44,R&D,Life Sciences,1,Female,Laboratory Technician,Divorced,No,37,14,Bachelor's Degree,4,1,1,3034,18,2,18,7,12,17
388,No,Travel_Rarely,35 - 44,Sales,Marketing,1,Female,Sales Executive,Divorced,No,40,2,Associates Degree,4,2,2,5715,8,3,5,4,1,3
389,No,Travel_Rarely,35 - 44,R&D,Life Sciences,1,Female,Laboratory Technician,Divorced,No,42,1,Master's Degree,2,1,1,2576,8,3,5,2,1,2
390,No,Travel_Rarely,35 - 44,R&D,Life Sciences,1,Male,Manufacturing Director,Single,Yes,37,10,Master's Degree,3,2,2,4197,18,2,1,0,0,1
391,No,Travel_Rarely,35 - 44,R&D,Life Sciences,1,Male,Research Director,Divorced,No,43,12,Bachelor's Degree,1,4,2,14336,25,3,25,10,3,9
392,No,Travel_Rarely,35 - 44,R&D,Medical,1,Female,Laboratory Technician,Married,No,40,2,Bachelor's Degree,2,2,3,3448,20,3,1,0,0,0
393,No,Travel_Rarely,45 - 54,R&D,Medical,1,Male,Research Director,Married,No,54,5,Associates Degree,1,5,1,19406,24,2,4,2,1,2
394,No,Non-Travel,25 - 34,Sales,Marketing,1,Female,Sales Executive,Married,No,34,4,Master's Degree,3,2,3,6538,6,3,3,2,1,2
395,No,Travel_Rarely,25 - 34,R&D,Medical,1,Female,Manufacturing Director,Married,No,31,7,Associates Degree,2,2,1,4306,13,1,13,10,3,12
396,No,Travel_Frequently,35 - 44,R&D,Medical,1,Male,Laboratory Technician,Married,No,43,21,Bachelor's Degree,4,1,4,2258,8,3,3,2,1,2
397,No,Travel_Rarely,35 - 44,R&D,Other,1,Female,Healthcare Representative,Divorced,Yes,43,8,Master's Degree,3,2,3,4522,8,3,5,2,0,2
398,No,Travel_Rarely,25 - 34,Sales,Life Sciences,1,Female,Sales Executive,Single,Yes,25,4,Associates Degree,2,2,4,4487,5,3,5,4,1,3
399,No,Non-Travel,35 - 44,R&D,Medical,1,Female,Research Scientist,Married,Yes,37,25,Doctoral Degree,2,2,3,4449,15,3,13,11,10,7
400,No,Travel_Rarely,25 - 34,R&D,Life Sciences,1,Male,Laboratory Technician,Married,No,31,1,Associates Degree,4,1,1,2218,4,3,4,2,3,2
401,No,Travel_Frequently,35 - 44,R&D,Life Sciences,1,Male,Manager,Divorced,Yes,39,1,High School,2,5,3,19197,21,3,21,8,1,6
402,No,Travel_Frequently,Over 55,Sales,Life Sciences,1,Female,Sales Executive,Married,No,56,6,Bachelor's Degree,3,4,1,13212,36,2,7,7,7,7
403,No,Travel_Rarely,25 - 34,Sales,Technical Degree,1,Female,Sales Executive,Single,No,30,12,Bachelor's Degree,2,2,3,6577,6,3,5,4,4,4
404,No,Travel_Rarely,35 - 44,Sales,Marketing,1,Male,Sales Executive,Married,No,41,1,Bachelor's Degree,2,3,1,8392,10,3,10,7,0,7
405,No,Travel_Rarely,25 - 34,R&D,Medical,1,Male,Laboratory Technician,Divorced,No,28,17,Associates Degree,3,2,1,4558,10,3,10,0,1,8
406,Yes,Travel_Rarely,25 - 34,R&D,Medical,1,Male,Laboratory Technician,Married,No,25,3,Bachelor's Degree,1,1,1,4031,6,3,2,2,0,2
407,No,Travel_Rarely,45 - 54,R&D,Medical,1,Male,Manufacturing Director,Married,Yes,52,3,Bachelor's Degree,4,3,3,7969,28,3,5,4,0,4
408,No,Travel_Rarely,45 - 54,R&D,Life Sciences,1,Male,Research Scientist,Married,No,45,10,Associates Degree,1,1,4,2654,8,2,2,2,0,2
409,No,Travel_Rarely,45 - 54,R&D,Life Sciences,1,Female,Manager,Married,No,52,4,Associates Degree,4,4,4,16555,31,1,5,2,1,4
410,No,Travel_Frequently,35 - 44,R&D,Life Sciences,1,Female,Research Scientist,Divorced,No,42,29,Associates Degree,1,2,3,4556,19,3,5,4,0,2
411,No,Travel_Rarely,25 - 34,R&D,Life Sciences,1,Female,Manufacturing Director,Single,No,30,2,Bachelor's Degree,3,2,4,6091,11,3,5,4,0,2
412,No,Travel_Rarely,Over 55,R&D,Life Sciences,1,Female,Manager,Married,No,60,7,Bachelor's Degree,1,5,1,19566,33,1,29,8,11,10
413,No,Travel_Rarely,45 - 54,R&D,Medical,1,Female,Manufacturing Director,Divorced,No,46,18,Bachelor's Degree,3,2,3,4810,19,2,10,7,0,8
414,No,Travel_Frequently,35 - 44,R&D,Technical Degree,1,Female,Healthcare Representative,Married,No,42,28,Master's Degree,4,2,4,4523,7,4,6,5,0,4
415,Yes,Travel_Rarely,Under 25,Sales,Technical Degree,1,Female,Sales Representative,Single,Yes,24,1,High School,1,1,2,3202,6,3,5,3,1,4
416,Yes,Travel_Frequently,25 - 34,Sales,Marketing,1,Female,Sales Representative,Divorced,No,34,6,Associates Degree,4,1,3,2351,3,2,2,2,1,0
417,No,Travel_Frequently,35 - 44,R&D,Life Sciences,1,Male,Laboratory Technician,Married,Yes,38,2,Associates Degree,4,1,4,1702,1,3,1,0,0,0
418,No,Travel_Rarely,35 - 44,Sales,Life Sciences,1,Female,Manager,Married,No,40,2,Master's Degree,3,5,3,18041,21,3,20,15,1,12
419,No,Travel_Rarely,25 - 34,R&D,Life Sciences,1,Female,Research Scientist,Divorced,No,26,23,Bachelor's Degree,1,1,4,2886,3,1,3,2,0,2
420,No,Non-Travel,25 - 34,R&D,Life Sciences,1,Male,Laboratory Technician,Married,No,30,3,Bachelor's Degree,3,1,4,2097,9,1,5,3,1,4
421,No,Travel_Rarely,25 - 34,R&D,Medical,1,Male,Research Director,Married,No,29,3,Master's Degree,2,3,3,11935,10,3,10,2,0,7
422,Yes,Travel_Rarely,25 - 34,R&D,Technical Degree,1,Female,Research Scientist,Married,No,29,25,Doctoral Degree,3,1,2,2546,6,4,2,2,1,1
423,Yes,Travel_Rarely,Under 25,HR,Technical Degree,1,Male,Human Resources,Single,No,19,2,Associates Degree,1,1,4,2564,1,4,1,0,0,0
424,No,Non-Travel,25 - 34,Sales,Other,1,Female,Sales Executive,Married,No,30,22,Master's Degree,3,3,1,8412,10,3,9,8,7,8
425,No,Travel_Rarely,Over 55,Sales,Marketing,1,Male,Manager,Divorced,No,57,29,Bachelor's Degree,1,4,4,14118,32,2,1,0,0,0
426,No,Travel_Rarely,45 - 54,R&D,Life Sciences,1,Male,Manager,Married,No,50,29,Master's Degree,2,4,3,17046,28,3,27,10,15,7
427,No,Non-Travel,25 - 34,R&D,Medical,1,Female,Laboratory Technician,Single,No,30,2,Bachelor's Degree,3,1,4,2564,12,2,11,7,6,7
428,No,Travel_Frequently,Over 55,Sales,Marketing,1,Female,Sales Executive,Married,No,60,28,Bachelor's Degree,3,3,1,10266,22,4,18,13,13,11
429,No,Travel_Rarely,45 - 54,R&D,Medical,1,Female,Manufacturing Director,Divorced,No,47,2,Associates Degree,1,2,4,5070,20,3,5,0,0,4
430,No,Travel_Rarely,45 - 54,R&D,Life Sciences,1,Male,Research Director,Married,No,46,2,Bachelor's Degree,1,4,3,17861,26,1,3,2,0,1
431,No,Travel_Rarely,35 - 44,R&D,Life Sciences,1,Male,Laboratory Technician,Single,No,35,22,Bachelor's Degree,4,1,3,4230,6,3,5,4,4,3
432,No,Travel_Rarely,45 - 54,R&D,Life Sciences,1,Female,Laboratory Technician,Single,No,54,8,Master's Degree,3,2,3,3780,19,3,1,0,0,0
433,No,Travel_Rarely,25 - 34,R&D,Life Sciences,1,Male,Research Scientist,Divorced,No,34,2,Master's Degree,4,1,3,2768,14,3,7,3,5,7
434,No,Travel_Rarely,45 - 54,Sales,Marketing,1,Female,Sales Executive,Married,Yes,46,10,Bachelor's Degree,3,3,4,9071,15,3,3,2,1,2
435,No,Travel_Rarely,25 - 34,R&D,Life Sciences,1,Male,Manufacturing Director,Divorced,No,31,9,High School,3,3,2,10648,13,4,13,8,0,8
436,Yes,Travel_Rarely,25 - 34,R&D,Medical,1,Male,Manager,Married,Yes,33,15,High School,2,3,3,13610,15,4,7,6,7,7
437,Yes,Travel_Rarely,25 - 34,R&D,Medical,1,Male,Laboratory Technician,Divorced,No,33,10,High School,1,1,4,3408,8,3,4,3,1,3
438,No,Travel_Rarely,25 - 34,Sales,Marketing,1,Male,Sales Representative,Single,No,30,7,High School,4,1,2,2983,4,3,3,2,1,2
439,No,Travel_Rarely,35 - 44,R&D,Life Sciences,1,Male,Healthcare Representative,Married,Yes,35,16,Bachelor's Degree,4,3,3,7632,10,3,8,7,0,0
440,Yes,Travel_Frequently,25 - 34,R&D,Life Sciences,1,Male,Healthcare Representative,Married,No,31,20,Bachelor's Degree,1,3,3,9824,12,3,1,0,0,0
441,Yes,Travel_Frequently,25 - 34,HR,Human Resources,1,Female,Human Resources,Divorced,Yes,34,23,Bachelor's Degree,2,3,1,9950,11,3,3,2,0,2
442,No,Travel_Frequently,35 - 44,R&D,Other,1,Male,Laboratory Technician,Married,No,42,5,Associates Degree,2,1,3,2093,8,3,2,2,2,0
443,No,Non-Travel,35 - 44,Sales,Medical,1,Male,Sales Executive,Single,No,36,10,Master's Degree,2,3,4,9980,10,2,10,3,9,7
444,Yes,Travel_Frequently,Under 25,R&D,Technical Degree,1,Male,Laboratory Technician,Single,No,22,4,High School,3,1,3,3894,4,3,2,2,1,2
445,No,Travel_Rarely,45 - 54,Sales,Marketing,1,Female,Sales Executive,Married,No,48,2,Doctoral Degree,2,2,4,4051,14,3,9,7,6,7
446,No,Travel_Rarely,Over 55,Sales,Life Sciences,1,Female,Manager,Single,No,55,18,Doctoral Degree,1,4,2,16835,37,3,10,9,7,7
447,No,Non-Travel,35 - 44,Sales,Life Sciences,1,Male,Sales Executive,Single,No,41,10,Associates Degree,4,2,4,6230,16,3,14,3,1,10
448,No,Travel_Rarely,35 - 44,Sales,Marketing,1,Male,Sales Executive,Married,No,35,1,Bachelor's Degree,2,2,3,4717,15,3,11,9,6,9
449,No,Travel_Rarely,35 - 44,R&D,Life Sciences,1,Female,Manufacturing Director,Single,No,40,6,Bachelor's Degree,2,4,3,13237,22,3,20,6,5,13
450,No,Travel_Frequently,35 - 44,R&D,Life Sciences,1,Female,Laboratory Technician,Married,No,39,8,High School,3,1,3,3755,8,3,8,3,0,7
451,No,Travel_Rarely,25 - 34,Sales,Life Sciences,1,Male,Sales Executive,Single,Yes,31,2,High School,2,2,4,6582,10,4,6,5,0,5
452,No,Travel_Rarely,35 - 44,R&D,Medical,1,Male,Manufacturing Director,Married,Yes,42,24,Bachelor's Degree,4,3,1,7406,10,2,10,9,5,8
453,No,Travel_Rarely,45 - 54,Sales,Other,1,Male,Sales Executive,Married,No,45,2,Bachelor's Degree,4,2,2,4805,9,4,8,7,3,7
454,Yes,Travel_Frequently,25 - 34,HR,Life Sciences,1,Female,Human Resources,Divorced,Yes,26,17,Master's Degree,2,1,3,2741,8,2,7,7,1,0
455,No,Travel_Rarely,25 - 34,R&D,Technical Degree,1,Male,Manufacturing Director,Divorced,No,29,19,Bachelor's Degree,4,2,4,4262,8,4,3,2,1,2
456,No,Travel_Rarely,25 - 34,R&D,Medical,1,Female,Research Director,Divorced,No,33,1,Doctoral Degree,1,4,3,16184,10,3,6,1,0,5
457,No,Travel_Rarely,25 - 34,Sales,Life Sciences,1,Male,Manager,Divorced,No,31,7,Bachelor's Degree,3,3,4,11557,10,2,5,4,0,1
458,Yes,Travel_Frequently,Under 25,Sales,Marketing,1,Male,Sales Representative,Single,Yes,18,5,Bachelor's Degree,2,1,2,1878,0,3,0,0,0,0
459,No,Non-Travel,35 - 44,Sales,Other,1,Male,Sales Executive,Divorced,No,40,28,Bachelor's Degree,3,3,1,10932,20,3,1,0,0,1
460,No,Non-Travel,35 - 44,R&D,Other,1,Female,Healthcare Representative,Single,Yes,41,2,Master's Degree,1,2,3,6811,10,3,8,7,0,7
461,No,Travel_Rarely,25 - 34,Sales,Medical,1,Male,Sales Executive,Divorced,No,26,29,Associates Degree,1,2,3,4306,8,3,0,0,0,0
462,No,Travel_Rarely,35 - 44,Sales,Medical,1,Female,Sales Executive,Single,No,35,1,Bachelor's Degree,1,2,3,4859,5,3,5,4,0,3
463,No,Travel_Rarely,25 - 34,Sales,Life Sciences,1,Male,Sales Executive,Single,No,34,21,Master's Degree,4,2,4,5337,10,3,10,7,5,7
464,Yes,Travel_Rarely,25 - 34,R&D,Technical Degree,1,Male,Laboratory Technician,Single,Yes,26,24,Bachelor's Degree,3,1,4,2340,1,1,1,0,0,0
465,No,Travel_Rarely,35 - 44,R&D,Technical Degree,1,Female,Manufacturing Director,Single,No,37,1,Bachelor's Degree,2,3,4,7491,12,4,6,5,1,2
466,No,Travel_Frequently,45 - 54,R&D,Medical,1,Female,Healthcare Representative,Married,No,46,18,High School,1,3,3,10527,28,2,2,2,1,2
467,No,Travel_Rarely,35 - 44,Sales,Life Sciences,1,Female,Manager,Married,No,41,2,Doctoral Degree,2,4,1,16595,22,3,18,16,11,8
468,No,Non-Travel,35 - 44,Sales,Medical,1,Male,Sales Executive,Divorced,No,37,9,Master's Degree,1,3,2,8834,9,3,9,5,7,7
469,No,Travel_Rarely,45 - 54,R&D,Technical Degree,1,Male,Research Scientist,Divorced,Yes,52,6,Associates Degree,4,2,1,5577,18,3,10,9,6,9
470,Yes,Non-Travel,25 - 34,Sales,Other,1,Male,Sales Executive,Married,No,32,11,Master's Degree,4,2,3,4707,6,3,4,2,1,2
471,No,Travel_Frequently,Under 25,Sales,Medical,1,Male,Sales Representative,Married,No,24,24,Bachelor's Degree,4,1,4,2400,3,3,2,2,2,1
472,No,Travel_Rarely,35 - 44,R&D,Medical,1,Female,Healthcare Representative,Married,No,38,10,Bachelor's Degree,3,2,3,9824,18,3,1,0,0,0
473,No,Travel_Rarely,35 - 44,R&D,Life Sciences,1,Female,Manufacturing Director,Married,No,37,1,Master's Degree,2,2,2,6447,8,2,6,5,4,3
474,No,Travel_Rarely,45 - 54,R&D,Life Sciences,1,Male,Research Director,Divorced,Yes,49,18,Master's Degree,4,5,3,19502,31,3,31,9,0,9
475,No,Travel_Rarely,Under 25,R&D,Medical,1,Male,Research Scientist,Married,Yes,24,23,Bachelor's Degree,2,1,4,2725,6,3,6,5,1,4
476,No,Travel_Rarely,25 - 34,Sales,Marketing,1,Male,Sales Executive,Married,No,26,28,Associates Degree,1,2,2,6272,6,4,5,3,1,4
477,No,Travel_Rarely,Under 25,R&D,Other,1,Male,Laboratory Technician,Married,No,24,17,Associates Degree,4,1,2,2127,1,3,1,0,0,0
478,No,Travel_Frequently,45 - 54,HR,Medical,1,Male,Manager,Married,No,50,3,Bachelor's Degree,1,5,2,18200,32,3,32,5,10,7
479,No,Travel_Rarely,25 - 34,Sales,Medical,1,Male,Sales Representative,Married,No,25,13,High School,2,1,3,2096,7,3,7,4,0,6
480,Yes,Travel_Frequently,Under 25,R&D,Life Sciences,1,Female,Laboratory Technician,Married,Yes,24,7,Bachelor's Degree,1,1,3,2886,6,3,6,3,1,2
481,Yes,Travel_Frequently,25 - 34,Sales,Life Sciences,1,Male,Sales Representative,Married,No,30,12,Master's Degree,2,1,1,2033,1,4,1,0,0,0
482,No,Travel_Rarely,25 - 34,R&D,Life Sciences,1,Male,Research Scientist,Married,Yes,34,1,Associates Degree,2,1,4,3622,6,3,6,5,1,3
483,Yes,Travel_Rarely,25 - 34,Sales,Medical,1,Male,Sales Executive,Divorced,No,31,13,Master's Degree,2,2,1,4233,9,1,3,1,1,2
484,No,Travel_Rarely,35 - 44,R&D,Other,1,Male,Laboratory Technician,Single,No,35,25,Associates Degree,1,2,4,3681,9,3,3,2,0,2
485,No,Travel_Rarely,25 - 34,Sales,Medical,1,Male,Sales Executive,Divorced,No,31,6,Master's Degree,1,2,4,5460,13,4,7,7,5,7
486,No,Travel_Rarely,25 - 34,R&D,Medical,1,Female,Research Scientist,Divorced,No,27,6,Master's Degree,1,1,3,2187,6,2,5,3,0,3
487,No,Travel_Rarely,35 - 44,Sales,Marketing,1,Male,Sales Executive,Married,Yes,37,2,Bachelor's Degree,4,2,3,9602,17,2,3,0,1,0
488,No,Travel_Rarely,Under 25,R&D,Life Sciences,1,Female,Research Scientist,Single,No,20,1,Bachelor's Degree,4,1,2,2836,1,4,1,0,0,0
489,No,Travel_Rarely,35 - 44,R&D,Life Sciences,1,Female,Healthcare Representative,Married,No,42,2,Master's Degree,3,2,4,4089,10,3,10,2,2,2
490,No,Travel_Rarely,35 - 44,R&D,Other,1,Male,Research Director,Divorced,Yes,43,6,Master's Degree,2,4,4,16627,21,2,1,0,0,0
491,No,Travel_Rarely,35 - 44,R&D,Life Sciences,1,Female,Research Scientist,Single,No,38,1,High School,3,1,1,2619,8,2,0,0,0,0
492,No,Travel_Frequently,35 - 44,R&D,Medical,1,Male,Laboratory Technician,Divorced,Yes,43,9,Doctoral Degree,4,2,3,5679,10,3,8,7,4,7
493,No,Travel_Rarely,45 - 54,R&D,Life Sciences,1,Female,Manager,Married,No,48,1,Master's Degree,4,4,1,15402,21,1,3,2,0,2
494,No,Travel_Rarely,35 - 44,HR,Life Sciences,1,Female,Human Resources,Single,No,44,1,Master's Degree,1,2,3,5985,10,4,2,2,0,2
495,No,Travel_Rarely,25 - 34,Sales,Technical Degree,1,Female,Sales Representative,Divorced,Yes,34,14,Bachelor's Degree,3,1,3,2579,8,3,8,2,0,6
496,Yes,Travel_Rarely,25 - 34,Sales,Marketing,1,Male,Sales Representative,Divorced,No,27,2,High School,3,1,1,3041,5,3,4,3,0,2
497,No,Travel_Rarely,Under 25,Sales,Technical Degree,1,Male,Sales Representative,Single,No,21,22,High School,3,1,3,3447,3,3,3,2,1,2
498,No,Travel_Rarely,35 - 44,R&D,Other,1,Male,Manager,Married,Yes,44,3,Master's Degree,4,5,4,19513,26,4,2,2,0,1
499,No,Travel_Rarely,Under 25,R&D,Medical,1,Male,Research Scientist,Married,No,22,6,High School,1,1,3,2773,3,3,2,2,2,2
500,No,Travel_Rarely,25 - 34,Sales,Marketing,1,Male,Sales Executive,Divorced,No,33,8,Master's Degree,3,2,3,7104,6,3,5,0,1,2
501,No,Travel_Rarely,25 - 34,R&D,Life Sciences,1,Female,Research Scientist,Married,Yes,32,9,Master's Degree,1,2,4,6322,6,2,6,4,0,5
502,No,Travel_Frequently,25 - 34,R&D,Medical,1,Female,Research Scientist,Divorced,No,30,3,Bachelor's Degree,3,1,3,2083,1,3,1,0,0,0
503,No,Travel_Rarely,45 - 54,Sales,Medical,1,Female,Sales Executive,Single,No,53,1,High School,4,2,1,8381,18,4,14,7,8,10
504,No,Travel_Rarely,25 - 34,R&D,Life Sciences,1,Male,Research Scientist,Married,No,34,1,Doctoral Degree,2,1,4,2691,10,2,10,9,8,8
505,Yes,Travel_Frequently,45 - 54,Sales,Life Sciences,1,Female,Sales Executive,Married,No,45,26,Master's Degree,1,2,1,4286,5,3,1,1,0,0
506,No,Travel_Rarely,25 - 34,R&D,Life Sciences,1,Female,Laboratory Technician,Married,Yes,26,6,Bachelor's Degree,3,1,4,2659,3,3,3,2,0,2
507,No,Travel_Rarely,35 - 44,R&D,Other,1,Male,Manufacturing Director,Married,No,37,3,Bachelor's Degree,3,3,3,9434,10,3,10,7,7,8
508,No,Travel_Rarely,25 - 34,Sales,Medical,1,Female,Sales Executive,Married,No,29,3,Associates Degree,2,2,3,5561,6,2,6,0,1,2
509,No,Travel_Rarely,35 - 44,R&D,Life Sciences,1,Male,Research Scientist,Single,No,35,6,Master's Degree,2,2,4,6646,17,3,17,11,11,8
510,No,Travel_Frequently,25 - 34,R&D,Life Sciences,1,Male,Healthcare Representative,Divorced,No,33,6,Bachelor's Degree,3,2,4,7725,15,1,13,11,4,7
511,No,Travel_Rarely,45 - 54,HR,Medical,1,Male,Human Resources,Married,No,54,19,Master's Degree,3,3,2,10725,16,4,9,7,7,1
512,No,Travel_Rarely,35 - 44,R&D,Medical,1,Male,Manufacturing Director,Divorced,Yes,36,9,Associates Degree,2,2,2,8847,13,3,3,2,0,2
513,No,Travel_Rarely,25 - 34,R&D,Medical,1,Male,Research Scientist,Single,No,27,3,Master's Degree,1,1,4,2045,5,3,4,2,1,1
514,Yes,Travel_Rarely,Under 25,R&D,Medical,1,Male,Research Scientist,Single,Yes,20,10,High School,4,1,3,1009,1,3,1,0,1,1
515,Yes,Travel_Frequently,25 - 34,R&D,Life Sciences,1,Male,Research Scientist,Single,Yes,33,3,Bachelor's Degree,1,1,1,3348,10,3,10,8,9,7
516,No,Non-Travel,35 - 44,R&D,Life Sciences,1,Male,Laboratory Technician,Married,No,35,3,Bachelor's Degree,3,1,3,1281,1,3,1,0,0,0
517,No,Travel_Rarely,Under 25,R&D,Medical,1,Male,Research Scientist,Married,No,23,4,Bachelor's Degree,1,1,1,2819,5,4,3,2,0,2
518,No,Travel_Rarely,25 - 34,Sales,Life Sciences,1,Male,Sales Executive,Married,No,25,8,Bachelor's Degree,4,2,2,4851,4,3,3,2,1,2
519,No,Travel_Rarely,35 - 44,Sales,Marketing,1,Female,Sales Executive,Single,No,38,7,Master's Degree,4,2,4,4028,8,3,7,7,0,5
520,No,Travel_Frequently,25 - 34,R&D,Life Sciences,1,Male,Research Scientist,Divorced,No,29,1,Master's Degree,2,1,4,2720,10,3,10,7,2,8
521,No,Travel_Rarely,45 - 54,Sales,Marketing,1,Male,Sales Executive,Married,No,48,2,High School,2,2,2,8120,12,3,2,2,2,2
522,No,Travel_Frequently,25 - 34,Sales,Medical,1,Female,Sales Executive,Divorced,Yes,27,3,High School,4,2,4,4647,6,3,6,5,0,4
523,No,Travel_Rarely,35 - 44,R&D,Life Sciences,1,Male,Research Scientist,Single,No,37,10,Associates Degree,4,1,4,4680,4,3,1,0,0,0
524,No,Travel_Rarely,45 - 54,R&D,Medical,1,Male,Laboratory Technician,Married,Yes,50,28,High School,4,1,3,3221,20,3,20,8,3,8
525,No,Travel_Rarely,25 - 34,R&D,Medical,1,Female,Healthcare Representative,Single,No,34,9,Bachelor's Degree,4,3,2,8621,9,4,8,7,7,7
526,Yes,Travel_Rarely,Under 25,Sales,Life Sciences,1,Female,Sales Executive,Single,No,24,3,Associates Degree,1,2,3,4577,4,3,2,2,2,0
527,No,Travel_Rarely,35 - 44,R&D,Technical Degree,1,Female,Healthcare Representative,Single,No,39,2,Master's Degree,4,2,3,4553,20,3,20,7,11,10
528,No,Travel_Rarely,25 - 34,Sales,Marketing,1,Male,Sales Executive,Single,No,32,10,Bachelor's Degree,4,2,4,5396,10,2,10,7,0,8
529,Yes,Travel_Frequently,45 - 54,Sales,Technical Degree,1,Male,Sales Executive,Married,Yes,50,8,Associates Degree,2,2,3,6796,18,3,4,3,1,3
530,No,Travel_Rarely,35 - 44,R&D,Life Sciences,1,Female,Healthcare Representative,Single,No,38,1,Master's Degree,2,2,4,7625,10,2,9,7,1,8
531,No,Travel_Rarely,25 - 34,R&D,Life Sciences,1,Female,Manufacturing Director,Married,No,27,1,Associates Degree,3,3,1,7412,9,3,9,7,0,7
532,No,Travel_Rarely,25 - 34,R&D,Life Sciences,1,Female,Research Director,Single,No,32,3,Associates Degree,3,3,4,11159,10,3,7,7,7,7
533,No,Travel_Rarely,45 - 54,Sales,Marketing,1,Male,Sales Executive,Single,No,47,14,Master's Degree,4,2,1,4960,20,3,7,7,1,7
534,No,Travel_Frequently,35 - 44,Sales,Life Sciences,1,Male,Sales Executive,Married,Yes,40,5,Master's Degree,4,3,1,10475,20,3,18,13,1,12
535,No,Travel_Rarely,45 - 54,R&D,Life Sciences,1,Male,Research Director,Married,No,53,7,Bachelor's Degree,3,4,3,14814,32,3,5,1,1,3
536,No,Travel_Rarely,35 - 44,HR,Human Resources,1,Male,Manager,Divorced,No,41,10,Master's Degree,2,5,4,19141,23,2,21,6,12,6
537,No,Travel_Rarely,Over 55,Sales,Marketing,1,Male,Sales Executive,Single,No,60,16,Master's Degree,1,2,1,5405,10,3,2,2,2,2
538,No,Travel_Frequently,25 - 34,R&D,Life Sciences,1,Male,Manufacturing Director,Divorced,No,27,10,Associates Degree,4,3,1,8793,9,2,9,7,1,7
539,No,Travel_Rarely,35 - 44,HR,Human Resources,1,Male,Manager,Married,No,41,1,Bachelor's Degree,4,5,3,19189,22,3,22,7,2,10
540,No,Travel_Rarely,45 - 54,Sales,Marketing,1,Male,Sales Representative,Married,No,50,8,Master's Degree,4,1,2,3875,4,3,2,2,2,2
541,Yes,Travel_Rarely,25 - 34,R&D,Life Sciences,1,Female,Research Scientist,Single,Yes,28,1,Associates Degree,1,1,2,2216,10,3,7,7,3,7
542,No,Non-Travel,35 - 44,R&D,Life Sciences,1,Female,Research Director,Married,No,36,8,Bachelor's Degree,1,3,1,11713,10,3,8,7,0,5
543,No,Travel_Rarely,35 - 44,R&D,Life Sciences,1,Female,Manufacturing Director,Single,Yes,38,1,Bachelor's Degree,3,3,3,7861,10,4,1,0,0,0
544,No,Non-Travel,35 - 44,R&D,Medical,1,Male,Laboratory Technician,Single,No,44,24,Bachelor's Degree,1,1,3,3708,9,3,5,2,1,4
545,No,Travel_Frequently,45 - 54,Sales,Medical,1,Female,Sales Executive,Divorced,Yes,47,3,Bachelor's Degree,4,4,3,13770,28,2,22,2,11,13
546,No,Travel_Rarely,25 - 34,Sales,Marketing,1,Male,Sales Executive,Divorced,No,30,27,Doctoral Degree,3,2,4,5304,10,2,8,7,7,7
547,No,Travel_Rarely,25 - 34,Sales,Life Sciences,1,Male,Sales Representative,Single,No,29,10,Bachelor's Degree,3,1,3,2642,1,3,1,0,0,0
548,Yes,Travel_Frequently,35 - 44,R&D,Medical,1,Male,Research Scientist,Divorced,Yes,42,19,Bachelor's Degree,3,1,3,2759,7,3,2,2,2,2
549,No,Travel_Frequently,35 - 44,Sales,Life Sciences,1,Male,Sales Executive,Married,No,43,15,Bachelor's Degree,4,2,4,6804,7,3,2,2,2,2
550,No,Travel_Rarely,25 - 34,R&D,Medical,1,Female,Healthcare Representative,Single,No,34,8,Associates Degree,2,2,3,6142,10,3,5,1,4,3
551,No,Travel_Rarely,Under 25,R&D,Medical,1,Male,Laboratory Technician,Married,No,23,9,High School,2,1,1,2500,5,4,4,3,0,2
552,No,Travel_Rarely,35 - 44,HR,Human Resources,1,Female,Human Resources,Married,No,39,3,Bachelor's Degree,3,2,2,6389,12,1,8,3,3,6
553,No,Travel_Rarely,Over 55,R&D,Medical,1,Male,Healthcare Representative,Married,No,56,9,Bachelor's Degree,3,4,4,11103,30,2,10,7,1,1
554,No,Travel_Rarely,35 - 44,R&D,Medical,1,Female,Research Scientist,Single,Yes,40,2,High School,4,1,4,2342,5,2,4,2,2,3
555,No,Travel_Rarely,25 - 34,R&D,Medical,1,Female,Healthcare Representative,Single,No,27,7,Bachelor's Degree,4,2,1,6811,9,1,7,6,0,7
556,No,Travel_Rarely,25 - 34,Sales,Marketing,1,Male,Sales Representative,Divorced,No,29,10,Bachelor's Degree,4,1,2,2297,2,3,2,2,2,2
557,No,Travel_Rarely,45 - 54,R&D,Life Sciences,1,Male,Laboratory Technician,Single,No,53,6,Bachelor's Degree,4,2,4,2450,19,3,2,2,2,2
558,No,Non-Travel,35 - 44,R&D,Life Sciences,1,Female,Healthcare Representative,Divorced,No,35,2,Master's Degree,4,2,1,5093,16,4,1,0,0,0
559,No,Travel_Frequently,25 - 34,R&D,Life Sciences,1,Male,Laboratory Technician,Married,No,32,24,Master's Degree,1,2,4,5309,10,3,10,8,4,7
560,No,Travel_Rarely,35 - 44,R&D,Medical,1,Male,Research Scientist,Married,Yes,38,2,Doctoral Degree,4,1,3,3057,6,1,1,0,0,1
561,No,Travel_Rarely,25 - 34,R&D,Life Sciences,1,Female,Manufacturing Director,Divorced,No,34,8,Doctoral Degree,2,2,1,5121,7,3,0,0,0,0
562,No,Travel_Rarely,45 - 54,Sales,Marketing,1,Male,Manager,Married,No,52,3,Master's Degree,3,4,1,16856,34,4,34,6,1,16
563,Yes,Travel_Rarely,25 - 34,R&D,Other,1,Male,Research Scientist,Single,Yes,33,1,Master's Degree,4,1,4,2686,10,2,10,9,7,8
564,No,Travel_Rarely,25 - 34,Sales,Medical,1,Female,Sales Executive,Single,No,25,26,High School,3,2,4,6180,6,2,6,5,1,4
565,No,Travel_Rarely,45 - 54,Sales,Technical Degree,1,Male,Sales Representative,Single,No,45,2,Associates Degree,2,2,3,6632,9,3,8,7,3,1
566,No,Travel_Rarely,Under 25,R&D,Medical,1,Male,Research Scientist,Single,No,23,10,High School,1,1,3,3505,2,3,2,2,0,2
567,Yes,Travel_Frequently,45 - 54,Sales,Life Sciences,1,Female,Sales Executive,Single,Yes,47,27,Associates Degree,2,2,3,6397,8,3,5,4,1,3
568,No,Travel_Rarely,25 - 34,Sales,Other,1,Male,Sales Executive,Single,No,34,2,Bachelor's Degree,4,2,4,6274,6,3,6,5,1,4
569,Yes,Travel_Rarely,Over 55,R&D,Medical,1,Male,Manager,Married,Yes,55,2,Bachelor's Degree,4,5,1,19859,24,3,5,2,1,4
570,No,Non-Travel,35 - 44,Sales,Life Sciences,1,Male,Sales Executive,Single,No,36,8,Master's Degree,1,3,1,7587,10,3,10,7,0,9
571,No,Non-Travel,45 - 54,R&D,Medical,1,Male,Research Scientist,Married,No,52,19,Master's Degree,4,1,4,4258,5,3,4,3,1,2
572,No,Travel_Frequently,25 - 34,R&D,Life Sciences,1,Female,Laboratory Technician,Divorced,No,26,1,Associates Degree,1,1,4,4364,5,3,2,2,2,0
573,No,Travel_Rarely,25 - 34,R&D,Medical,1,Female,Healthcare Representative,Married,No,29,27,Bachelor's Degree,2,2,3,4335,11,2,8,7,1,1
574,Yes,Travel_Rarely,25 - 34,Sales,Technical Degree,1,Male,Sales Executive,Single,No,26,8,Bachelor's Degree,4,2,1,5326,6,2,4,3,1,2
575,No,Travel_Rarely,25 - 34,R&D,Life Sciences,1,Female,Research Scientist,Single,No,34,1,Master's Degree,2,1,4,3280,10,3,4,2,1,3
576,No,Travel_Rarely,45 - 54,R&D,Medical,1,Female,Manufacturing Director,Divorced,Yes,54,19,Master's Degree,4,2,1,5485,9,3,5,3,1,4
577,No,Travel_Frequently,25 - 34,Sales,Marketing,1,Male,Sales Executive,Married,No,27,8,High School,3,2,4,4342,5,3,4,2,1,1
578,No,Travel_Rarely,35 - 44,R&D,Life Sciences,1,Female,Research Scientist,Divorced,Yes,37,10,High School,4,1,1,2782,6,2,5,3,4,3
579,No,Travel_Frequently,35 - 44,R&D,Life Sciences,1,Female,Manufacturing Director,Single,Yes,38,2,Master's Degree,1,2,1,5980,17,3,15,7,4,12
580,No,Travel_Rarely,25 - 34,R&D,Medical,1,Female,Research Scientist,Single,No,34,2,Master's Degree,3,1,1,4381,6,3,6,5,1,3
581,No,Travel_Rarely,35 - 44,Sales,Life Sciences,1,Female,Sales Representative,Married,No,35,8,Master's Degree,1,1,4,2572,3,2,3,2,0,2
582,No,Travel_Rarely,25 - 34,R&D,Life Sciences,1,Male,Laboratory Technician,Married,No,30,1,Bachelor's Degree,4,1,3,3833,7,3,2,2,0,2
583,No,Travel_Frequently,35 - 44,R&D,Medical,1,Female,Healthcare Representative,Married,No,40,2,Associates Degree,3,2,2,4244,8,3,8,7,3,7
584,No,Travel_Rarely,25 - 34,Sales,Life Sciences,1,Female,Sales Executive,Married,No,34,8,Associates Degree,3,2,1,6500,6,3,3,2,1,2
585,No,Travel_Frequently,35 - 44,R&D,Life Sciences,1,Male,Manager,Divorced,No,42,8,Bachelor's Degree,2,5,4,18430,24,2,24,7,14,9
586,Yes,Travel_Rarely,Under 25,R&D,Life Sciences,1,Male,Laboratory Technician,Married,Yes,23,6,Bachelor's Degree,3,1,1,1601,1,3,0,0,0,0
587,No,Non-Travel,Under 25,R&D,Life Sciences,1,Male,Laboratory Technician,Divorced,No,24,9,Bachelor's Degree,3,1,2,2694,1,3,1,0,0,0
588,No,Travel_Rarely,45 - 54,R&D,Life Sciences,1,Female,Laboratory Technician,Married,No,52,11,Master's Degree,4,2,3,3149,9,3,5,2,1,4
589,No,Travel_Rarely,45 - 54,R&D,Medical,1,Male,Research Director,Married,No,50,2,Bachelor's Degree,3,4,3,17639,30,3,4,3,0,3
590,Yes,Travel_Rarely,25 - 34,R&D,Life Sciences,1,Female,Laboratory Technician,Married,Yes,29,1,Associates Degree,2,1,1,2319,1,3,1,0,0,0
591,No,Travel_Rarely,25 - 34,R&D,Medical,1,Male,Research Director,Married,No,33,7,Bachelor's Degree,3,3,3,11691,14,4,13,9,3,7
592,Yes,Travel_Rarely,25 - 34,Sales,Marketing,1,Female,Sales Executive,Single,No,33,16,Bachelor's Degree,1,2,1,5324,6,3,3,2,0,2
593,No,Travel_Rarely,45 - 54,R&D,Other,1,Female,Manager,Married,Yes,47,2,Associates Degree,3,4,4,16752,26,2,26,14,3,0
594,No,Travel_Rarely,35 - 44,R&D,Other,1,Female,Manufacturing Director,Married,No,36,1,Bachelor's Degree,3,2,2,5228,10,3,9,7,0,5
595,No,Travel_Rarely,25 - 34,R&D,Life Sciences,1,Male,Research Scientist,Married,No,29,23,Associates Degree,3,1,3,2700,10,3,10,7,0,7
596,Yes,Travel_Rarely,Over 55,R&D,Life Sciences,1,Male,Research Director,Single,Yes,58,2,Master's Degree,4,5,2,19246,40,3,31,15,13,8
597,No,Travel_Rarely,35 - 44,R&D,Life Sciences,1,Female,Research Scientist,Single,No,35,1,Master's Degree,4,1,3,2506,7,3,2,2,2,2
598,No,Travel_Rarely,35 - 44,R&D,Life Sciences,1,Female,Manufacturing Director,Married,Yes,42,1,Associates Degree,4,2,4,6062,8,3,4,3,0,2
599,Yes,Travel_Rarely,25 - 34,R&D,Medical,1,Male,Research Scientist,Single,No,28,2,Master's Degree,3,1,3,4382,5,2,2,2,2,1
600,No,Travel_Rarely,35 - 44,HR,Human Resources,1,Male,Human Resources,Married,No,36,13,Bachelor's Degree,3,1,2,2143,8,3,5,2,0,4
601,No,Travel_Rarely,25 - 34,R&D,Life Sciences,1,Female,Manufacturing Director,Married,No,32,4,Bachelor's Degree,3,2,3,6162,14,3,14,13,6,8
602,No,Travel_Frequently,35 - 44,R&D,Medical,1,Male,Laboratory Technician,Single,No,40,16,Master's Degree,1,2,3,5094,10,3,1,0,0,0
603,No,Travel_Rarely,25 - 34,R&D,Medical,1,Female,Manufacturing Director,Single,Yes,30,2,Bachelor's Degree,3,2,4,6877,12,2,0,0,0,0
604,No,Travel_Rarely,45 - 54,R&D,Life Sciences,1,Female,Research Scientist,Single,No,45,2,Bachelor's Degree,2,1,3,2274,1,3,1,0,0,0
605,No,Travel_Rarely,35 - 44,R&D,Life Sciences,1,Male,Manufacturing Director,Married,No,42,29,Bachelor's Degree,2,2,2,4434,10,2,9,8,7,8
606,No,Travel_Frequently,35 - 44,R&D,Life Sciences,1,Male,Healthcare Representative,Divorced,No,38,12,Bachelor's Degree,1,2,1,6288,13,2,4,3,1,2
607,No,Travel_Frequently,25 - 34,R&D,Life Sciences,1,Female,Research Scientist,Single,No,34,16,Master's Degree,3,1,4,2553,6,3,5,2,1,3
608,Yes,Travel_Rarely,45 - 54,Sales,Marketing,1,Female,Sales Executive,Married,No,49,11,Bachelor's Degree,3,3,4,7654,9,4,9,8,7,7
609,Yes,Travel_Rarely,Over 55,Sales,Medical,1,Male,Sales Executive,Single,No,55,2,High School,3,2,4,5160,12,2,9,7,7,3
610,No,Travel_Rarely,35 - 44,R&D,Life Sciences,1,Male,Research Director,Married,No,43,14,Associates Degree,2,4,1,17159,22,3,4,1,1,0
611,No,Travel_Rarely,25 - 34,R&D,Technical Degree,1,Male,Research Director,Divorced,Yes,27,5,High School,3,3,4,12808,9,3,9,8,0,8
612,No,Travel_Rarely,35 - 44,R&D,Other,1,Male,Manufacturing Director,Single,No,35,7,Bachelor's Degree,3,3,3,10221,17,4,8,5,1,6
613,No,Travel_Rarely,25 - 34,Sales,Marketing,1,Female,Sales Executive,Married,Yes,28,2,Master's Degree,2,2,2,4779,8,3,8,7,7,5
614,No,Travel_Rarely,25 - 34,HR,Human Resources,1,Male,Human Resources,Married,No,34,3,Associates Degree,3,1,4,3737,4,1,3,2,0,2
615,Yes,Travel_Frequently,25 - 34,R&D,Medical,1,Female,Research Scientist,Married,Yes,26,5,Associates Degree,3,1,3,2366,8,3,8,7,1,7
616,No,Non-Travel,25 - 34,R&D,Medical,1,Male,Research Scientist,Married,No,27,3,Bachelor's Degree,4,1,4,1706,0,2,0,0,0,0
617,No,Travel_Rarely,45 - 54,Sales,Marketing,1,Female,Manager,Married,No,51,26,Master's Degree,1,4,3,16307,29,2,20,6,4,17
618,No,Travel_Rarely,35 - 44,R&D,Medical,1,Male,Healthcare Representative,Single,No,44,4,Bachelor's Degree,4,2,2,5933,10,2,5,2,2,3
619,No,Travel_Rarely,25 - 34,R&D,Medical,1,Male,Research Scientist,Single,No,25,2,High School,1,1,1,3424,6,2,4,3,0,1
620,No,Travel_Rarely,25 - 34,Sales,Medical,1,Male,Sales Executive,Divorced,No,33,1,Bachelor's Degree,1,2,1,4037,9,3,9,8,0,8
621,No,Travel_Rarely,35 - 44,R&D,Medical,1,Female,Research Scientist,Single,No,35,27,High School,3,1,1,2559,6,2,6,5,1,1
622,No,Travel_Rarely,35 - 44,Sales,Life Sciences,1,Male,Sales Executive,Married,Yes,36,1,Associates Degree,2,2,4,6201,18,2,18,14,4,11
623,No,Travel_Rarely,25 - 34,Sales,Life Sciences,1,Male,Sales Executive,Divorced,No,32,13,Master's Degree,2,2,4,4403,8,2,5,2,0,3
624,No,Travel_Frequently,25 - 34,R&D,Life Sciences,1,Male,Research Scientist,Divorced,No,30,5,Master's Degree,2,1,4,3761,10,2,5,4,0,3
625,No,Travel_Rarely,45 - 54,Sales,Marketing,1,Female,Sales Executive,Married,Yes,53,7,Associates Degree,1,3,4,10934,35,3,5,2,0,4
626,No,Travel_Rarely,45 - 54,Sales,Marketing,1,Male,Sales Executive,Divorced,Yes,45,9,Bachelor's Degree,4,3,1,10761,18,3,5,4,0,2
627,No,Travel_Rarely,25 - 34,R&D,Medical,1,Female,Research Scientist,Married,No,32,8,Associates Degree,3,2,3,5175,9,2,5,3,1,3
628,No,Travel_Frequently,45 - 54,R&D,Medical,1,Female,Manufacturing Director,Married,No,52,25,Master's Degree,3,4,4,13826,31,3,9,8,0,0
629,No,Travel_Rarely,35 - 44,Sales,Marketing,1,Male,Sales Executive,Divorced,No,37,16,Master's Degree,4,2,3,6334,9,3,1,0,0,0
630,No,Travel_Rarely,25 - 34,HR,Medical,1,Male,Human Resources,Divorced,No,28,8,Associates Degree,2,1,4,4936,6,3,5,1,0,4
631,No,Travel_Rarely,Under 25,R&D,Life Sciences,1,Male,Manufacturing Director,Married,No,22,1,Associates Degree,4,2,4,4775,4,1,2,2,2,2
632,No,Travel_Rarely,35 - 44,R&D,Life Sciences,1,Male,Laboratory Technician,Married,Yes,44,8,Master's Degree,1,1,4,2818,10,2,3,2,0,2
633,No,Travel_Frequently,35 - 44,R&D,Medical,1,Male,Research Scientist,Single,Yes,42,2,High School,2,1,4,2515,8,3,2,1,2,2
634,No,Travel_Rarely,35 - 44,HR,Life Sciences,1,Male,Human Resources,Married,No,36,8,Bachelor's Degree,1,1,1,2342,6,3,5,4,0,3
635,No,Travel_Rarely,25 - 34,Sales,Other,1,Male,Sales Executive,Married,Yes,25,3,High School,3,2,1,4194,5,3,5,3,0,3
636,No,Travel_Rarely,35 - 44,R&D,Life Sciences,1,Female,Manufacturing Director,Married,Yes,35,9,Bachelor's Degree,4,3,3,10685,17,3,17,14,5,15
637,Yes,Travel_Frequently,35 - 44,R&D,Life Sciences,1,Female,Research Scientist,Divorced,Yes,35,25,Master's Degree,4,1,2,2022,10,2,10,2,7,8
638,No,Non-Travel,25 - 34,R&D,Life Sciences,1,Male,Laboratory Technician,Divorced,No,32,1,Bachelor's Degree,4,1,4,2314,4,3,3,0,0,2
639,No,Travel_Rarely,25 - 34,Sales,Marketing,1,Male,Sales Executive,Married,No,25,4,High School,3,2,1,4256,5,4,5,2,0,3
640,No,Travel_Rarely,45 - 54,R&D,Technical Degree,1,Female,Research Scientist,Married,No,49,1,Bachelor's Degree,3,1,1,3580,7,3,4,2,0,2
641,No,Non-Travel,Under 25,R&D,Life Sciences,1,Male,Laboratory Technician,Married,No,24,4,High School,1,1,4,3162,6,2,5,2,3,4
642,No,Travel_Frequently,25 - 34,Sales,Life Sciences,1,Male,Sales Executive,Married,No,32,5,Associates Degree,2,2,2,6524,10,3,10,8,5,3
643,No,Travel_Rarely,35 - 44,Sales,Marketing,1,Male,Sales Representative,Married,No,38,9,Bachelor's Degree,2,1,2,2899,3,3,2,2,1,2
644,No,Travel_Rarely,35 - 44,R&D,Life Sciences,1,Female,Laboratory Technician,Married,Yes,42,3,Bachelor's Degree,3,2,4,5231,17,2,5,3,1,3
645,No,Travel_Rarely,25 - 34,R&D,Life Sciences,1,Male,Research Scientist,Married,Yes,31,11,Master's Degree,4,1,4,2356,8,3,6,4,0,2
646,Yes,Travel_Rarely,25 - 34,Sales,Medical,1,Female,Sales Representative,Divorced,Yes,29,1,Bachelor's Degree,2,1,3,2800,5,3,3,2,0,2
647,No,Travel_Rarely,45 - 54,Sales,Marketing,1,Male,Sales Executive,Married,No,53,8,Bachelor's Degree,1,4,4,11836,28,3,2,0,2,2
648,No,Travel_Rarely,35 - 44,R&D,Technical Degree,1,Male,Manufacturing Director,Married,No,35,25,Bachelor's Degree,4,3,2,10903,16,3,13,10,4,8
649,No,Travel_Frequently,35 - 44,Sales,Medical,1,Female,Sales Representative,Married,No,37,21,Associates Degree,3,1,4,2973,10,3,5,4,0,0
650,No,Travel_Rarely,45 - 54,R&D,Life Sciences,1,Female,Research Director,Single,No,53,23,Master's Degree,4,4,4,14275,33,3,12,9,3,8
651,No,Travel_Frequently,35 - 44,R&D,Life Sciences,1,Female,Healthcare Representative,Married,No,43,1,Bachelor's Degree,4,2,4,5562,12,2,5,2,2,2
652,No,Travel_Rarely,45 - 54,Sales,Marketing,1,Female,Sales Executive,Married,Yes,47,2,Associates Degree,3,2,4,4537,8,3,7,6,7,7
653,No,Non-Travel,35 - 44,Sales,Medical,1,Male,Sales Executive,Single,Yes,37,19,Associates Degree,1,3,2,7642,10,3,10,0,0,9
654,No,Non-Travel,45 - 54,R&D,Life Sciences,1,Male,Manager,Divorced,No,50,2,Master's Degree,1,4,1,17924,31,3,31,6,14,7
655,No,Travel_Rarely,35 - 44,HR,Life Sciences,1,Female,Human Resources,Married,No,39,2,Bachelor's Degree,4,2,4,5204,13,3,5,4,0,4
656,No,Travel_Rarely,25 - 34,HR,Human Resources,1,Male,Human Resources,Divorced,Yes,33,3,Associates Degree,4,1,2,2277,7,4,4,3,0,3
657,Yes,Travel_Rarely,25 - 34,R&D,Life Sciences,1,Male,Laboratory Technician,Single,Yes,32,25,Master's Degree,1,1,4,2795,1,1,1,0,0,1
658,No,Travel_Rarely,25 - 34,R&D,Medical,1,Female,Laboratory Technician,Divorced,No,29,7,High School,1,1,4,2532,8,3,4,3,0,3
659,No,Travel_Rarely,35 - 44,R&D,Life Sciences,1,Male,Research Scientist,Married,Yes,44,9,Associates Degree,2,1,1,2559,8,3,8,7,7,1
660,No,Travel_Rarely,25 - 34,Sales,Medical,1,Male,Sales Executive,Single,No,28,5,Master's Degree,1,2,4,4908,4,3,4,2,0,2
661,Yes,Travel_Frequently,Over 55,R&D,Life Sciences,1,Male,Laboratory Technician,Divorced,Yes,58,2,High School,4,1,4,2380,3,2,1,0,0,0
662,No,Travel_Rarely,35 - 44,R&D,Life Sciences,1,Female,Manufacturing Director,Divorced,No,43,8,Bachelor's Degree,1,2,2,4765,4,4,1,0,0,0
663,Yes,Travel_Rarely,Under 25,Sales,Medical,1,Female,Sales Representative,Single,No,20,2,Bachelor's Degree,3,1,3,2044,2,2,2,2,0,2
664,Yes,Travel_Rarely,Under 25,R&D,Other,1,Female,Research Scientist,Single,No,21,18,High School,4,1,4,2693,1,2,1,0,0,0
665,No,Travel_Rarely,35 - 44,R&D,Life Sciences,1,Male,Healthcare Representative,Married,Yes,36,14,High School,3,2,4,6586,17,2,16,8,4,11
666,No,Travel_Rarely,45 - 54,Sales,Life Sciences,1,Female,Sales Representative,Single,Yes,47,2,Master's Degree,4,1,4,3294,3,2,3,2,1,2
667,Yes,Travel_Rarely,Under 25,R&D,Life Sciences,1,Female,Manufacturing Director,Married,Yes,22,3,High School,2,2,3,4171,4,4,3,2,0,2
668,Yes,Travel_Rarely,35 - 44,R&D,Life Sciences,1,Female,Laboratory Technician,Divorced,Yes,41,2,Master's Degree,2,1,4,2778,10,2,7,7,1,0
669,No,Travel_Rarely,25 - 34,R&D,Medical,1,Female,Research Scientist,Divorced,No,28,9,Bachelor's Degree,3,1,3,2377,6,3,2,2,2,2
670,Yes,Travel_Rarely,35 - 44,R&D,Medical,1,Male,Laboratory Technician,Married,Yes,39,6,Bachelor's Degree,4,1,1,2404,8,1,2,2,2,2
671,No,Travel_Rarely,25 - 34,R&D,Life Sciences,1,Female,Research Scientist,Single,No,27,4,Bachelor's Degree,2,1,3,2318,1,3,1,1,0,0
672,No,Travel_Rarely,25 - 34,R&D,Life Sciences,1,Male,Laboratory Technician,Divorced,No,34,10,Bachelor's Degree,2,1,2,2008,1,3,1,0,1,0
673,No,Travel_Rarely,35 - 44,Sales,Medical,1,Female,Sales Executive,Single,No,42,14,Associates Degree,3,2,3,6244,10,3,5,4,0,3
674,No,Travel_Rarely,25 - 34,R&D,Other,1,Male,Research Scientist,Single,Yes,33,1,Master's Degree,3,1,1,2799,6,3,3,2,0,2
675,No,Travel_Rarely,Over 55,R&D,Technical Degree,1,Female,Healthcare Representative,Divorced,Yes,58,5,Bachelor's Degree,3,3,2,10552,24,3,6,0,0,4
676,No,Travel_Rarely,25 - 34,Sales,Life Sciences,1,Male,Sales Representative,Married,No,31,7,Master's Degree,2,1,3,2329,13,4,7,7,5,2
677,No,Travel_Rarely,35 - 44,R&D,Life Sciences,1,Female,Healthcare Representative,Married,Yes,35,21,High School,4,2,4,4014,10,1,10,6,0,7
678,No,Travel_Rarely,45 - 54,R&D,Other,1,Female,Laboratory Technician,Married,No,49,8,Associates Degree,1,3,2,7403,29,2,26,9,1,7
679,No,Travel_Rarely,45 - 54,R&D,Medical,1,Male,Research Scientist,Married,No,48,20,Master's Degree,4,1,3,2259,13,2,0,0,0,0
680,No,Non-Travel,25 - 34,Sales,Marketing,1,Female,Sales Executive,Married,No,31,20,Associates Degree,4,2,3,6932,9,2,9,8,0,0
681,No,Travel_Rarely,35 - 44,R&D,Other,1,Male,Research Scientist,Single,No,36,7,Master's Degree,2,1,4,4678,8,3,6,2,0,1
682,No,Travel_Rarely,35 - 44,R&D,Technical Degree,1,Female,Research Director,Married,No,38,1,Bachelor's Degree,4,3,1,13582,15,3,15,12,5,11
683,No,Non-Travel,25 - 34,R&D,Life Sciences,1,Female,Laboratory Technician,Married,No,32,1,Bachelor's Degree,3,1,2,2332,5,3,3,0,0,2
684,Yes,Travel_Rarely,25 - 34,Sales,Marketing,1,Male,Sales Representative,Married,Yes,25,19,Associates Degree,3,1,2,2413,1,3,1,0,0,0
685,No,Travel_Rarely,35 - 44,Sales,Marketing,1,Male,Sales Executive,Divorced,No,40,10,Master's Degree,1,3,2,9705,11,2,1,0,0,0
686,No,Travel_Frequently,25 - 34,Sales,Medical,1,Male,Sales Executive,Single,No,26,1,Bachelor's Degree,3,2,1,4294,7,3,7,7,0,7
687,No,Travel_Rarely,35 - 44,R&D,Medical,1,Male,Laboratory Technician,Single,Yes,41,6,Bachelor's Degree,4,1,1,4721,20,3,18,13,2,17
688,No,Travel_Rarely,35 - 44,R&D,Medical,1,Male,Laboratory Technician,Single,No,36,2,Master's Degree,3,1,3,2519,16,3,11,8,3,9
689,Yes,Travel_Rarely,Under 25,Sales,Other,1,Male,Sales Representative,Single,Yes,19,21,Bachelor's Degree,4,1,2,2121,1,4,1,0,0,0
690,Yes,Travel_Rarely,Under 25,R&D,Technical Degree,1,Male,Laboratory Technician,Single,No,20,4,Bachelor's Degree,1,1,1,2973,1,3,1,0,0,0
691,No,Travel_Rarely,25 - 34,R&D,Medical,1,Female,Healthcare Representative,Married,Yes,31,12,Bachelor's Degree,4,2,4,5855,10,1,9,7,8,5
692,No,Travel_Frequently,35 - 44,R&D,Medical,1,Male,Research Scientist,Divorced,Yes,40,9,Master's Degree,4,1,2,3617,3,3,1,1,0,0
693,No,Travel_Rarely,25 - 34,R&D,Medical,1,Female,Manufacturing Director,Married,No,32,3,Master's Degree,3,2,1,6725,8,4,8,7,6,3
694,Yes,Travel_Rarely,35 - 44,Sales,Life Sciences,1,Male,Sales Executive,Married,Yes,36,3,High School,3,3,4,10325,16,3,16,7,3,7
695,No,Travel_Rarely,25 - 34,R&D,Life Sciences,1,Female,Healthcare Representative,Single,No,33,1,Bachelor's Degree,2,2,4,6949,6,3,5,0,1,4
696,Yes,Travel_Rarely,35 - 44,Sales,Life Sciences,1,Male,Sales Executive,Married,No,37,1,Master's Degree,1,3,3,10609,17,1,14,1,11,7
697,No,Non-Travel,45 - 54,R&D,Life Sciences,1,Male,Laboratory Technician,Married,No,45,4,Associates Degree,3,2,2,4447,9,2,9,7,0,8
698,No,Travel_Frequently,25 - 34,Sales,Technical Degree,1,Female,Sales Representative,Married,No,29,20,Bachelor's Degree,3,1,4,2157,3,3,3,1,0,2
699,No,Travel_Rarely,35 - 44,Sales,Medical,1,Female,Sales Executive,Married,No,35,18,Bachelor's Degree,3,2,3,4601,5,3,5,2,1,0
700,No,Travel_Rarely,45 - 54,R&D,Life Sciences,1,Male,Manager,Married,No,52,1,Associates Degree,4,4,4,17099,26,2,9,8,7,8
701,Yes,Travel_Rarely,Over 55,R&D,Technical Degree,1,Male,Research Scientist,Single,No,58,2,Bachelor's Degree,4,1,3,2479,7,3,1,0,0,0
702,No,Travel_Rarely,45 - 54,Sales,Medical,1,Male,Manager,Divorced,No,53,2,Associates Degree,3,4,3,14852,22,4,17,13,15,2
703,No,Travel_Rarely,25 - 34,Sales,Other,1,Male,Sales Executive,Divorced,No,30,8,Associates Degree,3,3,3,7264,10,4,8,4,7,7
704,No,Non-Travel,35 - 44,Sales,Technical Degree,1,Female,Sales Executive,Single,Yes,38,10,Bachelor's Degree,3,2,4,5666,6,3,5,3,1,3
705,No,Travel_Rarely,35 - 44,Sales,Life Sciences,1,Male,Sales Executive,Divorced,No,35,3,Master's Degree,4,3,4,7823,12,3,10,9,0,8
706,No,Travel_Rarely,35 - 44,Sales,Life Sciences,1,Male,Sales Executive,Single,No,39,2,Doctoral Degree,1,3,3,7880,9,3,8,7,0,7
707,Yes,Non-Travel,35 - 44,Sales,Life Sciences,1,Female,Sales Executive,Single,Yes,40,24,Bachelor's Degree,2,4,2,13194,22,2,1,0,0,0
708,No,Travel_Frequently,45 - 54,R&D,Medical,1,Male,Manufacturing Director,Divorced,Yes,47,16,Master's Degree,3,2,3,5067,20,4,19,10,2,7
709,No,Non-Travel,35 - 44,Sales,Technical Degree,1,Male,Sales Executive,Divorced,No,36,8,Master's Degree,1,2,4,5079,12,3,7,7,0,7
710,Yes,Non-Travel,25 - 34,R&D,Medical,1,Male,Research Scientist,Single,Yes,31,9,Associates Degree,3,1,1,2321,4,3,3,2,1,2
711,No,Non-Travel,25 - 34,Sales,Life Sciences,1,Male,Manager,Single,No,33,17,Bachelor's Degree,4,4,3,17444,10,3,10,8,6,0
712,Yes,Travel_Rarely,25 - 34,R&D,Life Sciences,1,Female,Research Scientist,Single,Yes,29,10,Bachelor's Degree,4,1,1,2404,3,3,0,0,0,0
713,No,Travel_Rarely,25 - 34,R&D,Life Sciences,1,Female,Research Scientist,Single,No,33,13,High School,2,1,4,3452,5,3,3,2,0,2
714,No,Travel_Rarely,45 - 54,R&D,Medical,1,Female,Laboratory Technician,Divorced,No,45,1,Master's Degree,4,1,4,2270,8,3,5,3,0,2
715,No,Travel_Rarely,45 - 54,R&D,Medical,1,Male,Research Director,Divorced,No,50,1,Associates Degree,4,4,4,17399,32,2,5,4,1,3
716,No,Travel_Frequently,25 - 34,R&D,Other,1,Female,Healthcare Representative,Married,Yes,33,1,Master's Degree,3,2,2,5488,6,3,6,5,1,2
717,No,Travel_Frequently,35 - 44,R&D,Medical,1,Male,Research Director,Divorced,No,41,9,Bachelor's Degree,1,5,3,19419,21,4,18,16,0,11
718,No,Travel_Rarely,25 - 34,R&D,Technical Degree,1,Female,Laboratory Technician,Married,No,27,16,Master's Degree,3,1,2,2811,4,3,2,2,2,2
719,No,Non-Travel,45 - 54,R&D,Life Sciences,1,Male,Laboratory Technician,Married,Yes,45,23,Associates Degree,4,2,1,3633,9,3,9,8,0,8
720,No,Travel_Rarely,45 - 54,Sales,Life Sciences,1,Female,Sales Executive,Single,Yes,47,4,Associates Degree,4,2,4,4163,9,3,9,0,0,7
721,Yes,Travel_Rarely,25 - 34,R&D,Life Sciences,1,Female,Research Scientist,Married,Yes,30,22,Bachelor's Degree,1,1,3,2132,7,3,5,2,0,1
722,No,Travel_Rarely,45 - 54,R&D,Life Sciences,1,Male,Manufacturing Director,Married,Yes,50,24,Bachelor's Degree,4,4,3,13973,22,3,12,11,1,5
723,No,Travel_Frequently,35 - 44,R&D,Medical,1,Male,Research Scientist,Married,No,38,10,High School,3,1,3,2684,3,2,2,1,0,2
724,No,Travel_Rarely,45 - 54,R&D,Medical,1,Male,Manufacturing Director,Divorced,No,46,7,Associates Degree,4,3,3,10845,13,3,8,7,0,7
725,No,Travel_Rarely,Under 25,R&D,Medical,1,Female,Manufacturing Director,Divorced,No,24,17,High School,4,2,3,4377,5,3,4,2,3,2
726,Yes,Travel_Rarely,35 - 44,R&D,Other,1,Male,Laboratory Technician,Divorced,Yes,35,14,Master's Degree,3,1,2,3743,5,1,4,2,0,2
727,No,Travel_Frequently,25 - 34,R&D,Life Sciences,1,Female,Manufacturing Director,Married,No,31,1,High School,3,2,1,4148,4,3,4,3,0,3
728,No,Non-Travel,Under 25,R&D,Life Sciences,1,Male,Research Scientist,Single,No,18,5,Associates Degree,2,1,4,1051,0,3,0,0,0,0
729,No,Travel_Rarely,45 - 54,R&D,Technical Degree,1,Female,Manufacturing Director,Married,No,54,17,Bachelor's Degree,3,3,3,10739,22,3,10,7,0,8
730,No,Travel_Rarely,35 - 44,R&D,Medical,1,Female,Healthcare Representative,Divorced,Yes,35,25,Master's Degree,3,3,3,10388,16,2,16,10,10,1
731,No,Travel_Rarely,25 - 34,R&D,Life Sciences,1,Female,Research Director,Married,Yes,30,8,Associates Degree,2,3,1,11416,9,2,8,7,1,7
732,Yes,Travel_Rarely,Under 25,R&D,Medical,1,Female,Research Scientist,Single,Yes,20,11,Bachelor's Degree,4,1,1,2600,1,3,1,0,0,0
733,Yes,Travel_Frequently,25 - 34,R&D,Medical,1,Female,Laboratory Technician,Single,No,30,5,Bachelor's Degree,2,1,2,2422,4,3,3,2,1,2
734,No,Travel_Rarely,25 - 34,R&D,Medical,1,Male,Manufacturing Director,Married,No,26,2,Associates Degree,4,2,4,5472,8,3,8,7,1,3
735,No,Travel_Rarely,Under 25,R&D,Life Sciences,1,Male,Laboratory Technician,Married,No,22,8,High School,2,1,1,2451,4,2,4,3,1,1
736,No,Travel_Rarely,45 - 54,R&D,Life Sciences,1,Male,Healthcare Representative,Single,No,48,6,Bachelor's Degree,1,2,3,4240,19,3,2,2,2,2
737,No,Travel_Rarely,45 - 54,R&D,Life Sciences,1,Male,Healthcare Representative,Single,No,48,4,Master's Degree,3,3,3,10999,27,3,15,11,4,8
738,No,Travel_Rarely,35 - 44,R&D,Medical,1,Female,Manufacturing Director,Single,No,41,7,Associates Degree,4,2,3,5003,8,3,2,2,2,1
739,No,Travel_Rarely,35 - 44,R&D,Life Sciences,1,Female,Manufacturing Director,Married,No,39,1,High School,4,4,4,12742,21,3,21,6,11,8
740,No,Travel_Rarely,25 - 34,R&D,Life Sciences,1,Female,Manufacturing Director,Married,No,27,2,Master's Degree,1,2,4,4227,4,3,3,2,2,2
741,No,Travel_Rarely,35 - 44,R&D,Other,1,Male,Laboratory Technician,Divorced,No,35,10,Bachelor's Degree,2,1,4,3917,3,2,3,2,1,2
742,No,Travel_Rarely,35 - 44,Sales,Marketing,1,Male,Manager,Married,No,42,5,Associates Degree,4,5,3,18303,21,4,1,0,0,0
743,No,Travel_Rarely,45 - 54,R&D,Life Sciences,1,Male,Laboratory Technician,Married,No,50,9,Bachelor's Degree,1,1,4,2380,8,3,1,0,0,0
744,No,Travel_Rarely,Over 55,R&D,Life Sciences,1,Female,Manufacturing Director,Single,Yes,59,2,Bachelor's Degree,3,4,4,13726,30,3,5,3,4,3
745,Yes,Travel_Rarely,35 - 44,R&D,Medical,1,Female,Healthcare Representative,Married,No,37,11,Associates Degree,1,2,2,4777,15,1,1,0,0,0
746,No,Travel_Frequently,Over 55,R&D,Medical,1,Male,Healthcare Representative,Married,Yes,55,18,Master's Degree,3,2,2,6385,17,3,8,7,6,7
747,No,Non-Travel,35 - 44,R&D,Life Sciences,1,Female,Research Director,Divorced,No,41,7,High School,2,5,3,19973,21,3,21,16,5,10
748,No,Travel_Rarely,35 - 44,Sales,Life Sciences,1,Male,Sales Executive,Single,Yes,38,3,Master's Degree,2,2,4,6861,19,3,1,0,0,0
749,Yes,Non-Travel,25 - 34,Sales,Medical,1,Male,Sales Executive,Single,No,26,29,Associates Degree,2,2,1,4969,7,3,2,2,2,2
750,Yes,Travel_Rarely,45 - 54,Sales,Marketing,1,Female,Manager,Married,No,52,2,High School,1,5,4,19845,33,3,32,14,6,9
751,No,Travel_Rarely,35 - 44,Sales,Medical,1,Female,Sales Executive,Married,Yes,44,28,Bachelor's Degree,4,4,4,13320,23,3,12,11,11,11
752,No,Non-Travel,45 - 54,Sales,Life Sciences,1,Female,Sales Executive,Married,No,50,1,Bachelor's Degree,4,2,3,6347,19,3,18,7,0,13
753,Yes,Travel_Rarely,35 - 44,R&D,Life Sciences,1,Female,Laboratory Technician,Single,No,36,16,Master's Degree,3,1,1,2743,18,3,17,13,15,14
754,No,Travel_Frequently,35 - 44,R&D,Medical,1,Female,Manufacturing Director,Single,Yes,39,22,Bachelor's Degree,4,3,1,10880,21,3,21,6,2,8
755,No,Non-Travel,25 - 34,Sales,Life Sciences,1,Female,Sales Representative,Single,No,33,8,High School,2,1,4,2342,3,2,2,2,2,2
756,No,Travel_Rarely,45 - 54,Sales,Life Sciences,1,Female,Manager,Married,No,45,11,Associates Degree,4,4,4,17650,26,4,9,3,1,1
757,No,Non-Travel,25 - 34,R&D,Medical,1,Female,Laboratory Technician,Single,No,32,29,Master's Degree,4,1,3,4025,10,3,8,7,7,7
758,No,Travel_Rarely,25 - 34,Sales,Marketing,1,Male,Sales Executive,Divorced,No,34,1,Master's Degree,2,2,4,9725,16,2,15,1,0,9
759,No,Travel_Rarely,Over 55,Sales,Technical Degree,1,Male,Manager,Married,Yes,59,1,Associates Degree,2,3,4,11904,14,1,6,4,0,4
760,No,Travel_Rarely,45 - 54,HR,Medical,1,Male,Human Resources,Single,No,45,24,Master's Degree,2,1,2,2177,6,3,6,3,0,4
761,No,Travel_Frequently,45 - 54,Sales,Marketing,1,Female,Sales Executive,Married,No,53,2,Bachelor's Degree,3,3,2,7525,30,3,15,7,6,12
762,Yes,Travel_Rarely,35 - 44,R&D,Other,1,Male,Laboratory Technician,Divorced,No,36,15,Bachelor's Degree,1,2,3,4834,9,2,1,0,0,0
763,Yes,Travel_Frequently,25 - 34,R&D,Life Sciences,1,Male,Research Scientist,Married,Yes,26,2,Bachelor's Degree,1,1,1,2042,6,3,3,2,1,2
764,No,Travel_Rarely,25 - 34,Sales,Life Sciences,1,Female,Sales Representative,Married,Yes,34,10,Master's Degree,3,1,3,2220,1,3,1,1,0,0
765,No,Travel_Rarely,25 - 34,Sales,Medical,1,Male,Sales Representative,Married,No,28,10,High School,4,1,2,1052,1,3,1,0,0,0
766,No,Travel_Frequently,35 - 44,R&D,Other,1,Male,Research Scientist,Married,No,38,3,Master's Degree,3,1,3,2821,8,3,2,2,2,2
767,No,Travel_Rarely,45 - 54,R&D,Medical,1,Male,Research Director,Married,Yes,50,2,Master's Degree,2,5,3,19237,29,2,8,1,7,7
768,No,Travel_Rarely,35 - 44,R&D,Other,1,Female,Healthcare Representative,Single,No,37,3,Bachelor's Degree,4,2,2,4107,8,2,4,3,0,1
769,No,Travel_Rarely,35 - 44,Sales,Marketing,1,Male,Sales Executive,Married,No,40,26,Bachelor's Degree,3,2,1,8396,8,2,7,7,7,5
770,No,Travel_Frequently,25 - 34,R&D,Medical,1,Female,Research Scientist,Divorced,No,26,1,High School,1,1,3,2007,5,3,5,3,1,3
771,No,Travel_Rarely,45 - 54,R&D,Medical,1,Male,Research Director,Divorced,No,46,1,Master's Degree,4,5,4,19627,23,3,2,2,2,2
772,No,Travel_Rarely,45 - 54,Sales,Life Sciences,1,Female,Sales Executive,Married,No,54,2,Master's Degree,3,3,3,10686,13,3,9,4,7,0
773,No,Travel_Frequently,Over 55,R&D,Medical,1,Female,Research Scientist,Married,No,56,9,Bachelor's Degree,1,1,3,2942,18,3,5,4,0,3
774,No,Travel_Rarely,35 - 44,R&D,Medical,1,Female,Manufacturing Director,Single,No,36,12,Doctoral Degree,4,3,4,8858,15,2,14,8,7,8
775,No,Non-Travel,Over 55,R&D,Medical,1,Male,Manager,Single,No,55,2,High School,3,4,1,16756,31,4,9,7,6,2
776,No,Travel_Rarely,35 - 44,Sales,Medical,1,Male,Sales Executive,Divorced,No,43,25,Bachelor's Degree,3,3,4,10798,18,3,1,0,0,0
777,Yes,Travel_Frequently,Under 25,Sales,Marketing,1,Female,Sales Representative,Single,Yes,20,9,Bachelor's Degree,4,1,4,2323,2,3,2,2,0,2
778,Yes,Travel_Rarely,Under 25,R&D,Life Sciences,1,Female,Laboratory Technician,Single,No,21,10,Bachelor's Degree,3,1,1,1416,1,2,1,0,1,0
779,No,Travel_Rarely,45 - 54,R&D,Life Sciences,1,Female,Research Scientist,Divorced,Yes,46,8,Master's Degree,4,2,1,4615,19,3,16,13,1,7
780,Yes,Travel_Rarely,45 - 54,R&D,Life Sciences,1,Male,Research Scientist,Married,Yes,51,4,Master's Degree,1,1,3,2461,18,4,10,0,2,7
781,Yes,Non-Travel,25 - 34,R&D,Technical Degree,1,Male,Healthcare Representative,Single,No,28,24,Associates Degree,2,3,1,8722,10,2,10,7,1,9
782,No,Travel_Rarely,25 - 34,R&D,Medical,1,Male,Laboratory Technician,Married,No,26,1,Associates Degree,1,1,1,3955,6,3,5,3,1,3
783,No,Travel_Rarely,25 - 34,R&D,Other,1,Male,Manufacturing Director,Married,No,30,20,Bachelor's Degree,3,2,1,9957,7,2,6,2,0,2
784,No,Travel_Rarely,35 - 44,R&D,Technical Degree,1,Female,Research Scientist,Married,No,41,7,Associates Degree,2,1,3,3376,10,3,10,6,0,8
785,No,Travel_Rarely,35 - 44,R&D,Life Sciences,1,Female,Healthcare Representative,Married,No,38,17,High School,3,3,3,8823,20,2,19,9,1,9
786,No,Travel_Rarely,35 - 44,R&D,Technical Degree,1,Male,Healthcare Representative,Married,No,40,20,Master's Degree,1,3,4,10322,14,3,11,10,11,1
787,No,Non-Travel,25 - 34,R&D,Life Sciences,1,Male,Laboratory Technician,Married,No,27,8,Doctoral Degree,1,1,3,4621,3,3,3,2,1,2
788,No,Travel_Frequently,Over 55,R&D,Life Sciences,1,Male,Manufacturing Director,Married,No,55,2,High School,4,3,2,10976,23,3,3,2,1,2
789,No,Travel_Rarely,25 - 34,R&D,Other,1,Female,Research Scientist,Single,No,28,10,Bachelor's Degree,3,2,3,3660,10,4,8,7,1,7
790,Yes,Travel_Rarely,35 - 44,HR,Medical,1,Male,Human Resources,Married,No,44,1,Associates Degree,2,3,1,10482,24,3,20,6,3,6
791,No,Travel_Rarely,25 - 34,R&D,Life Sciences,1,Male,Healthcare Representative,Divorced,No,33,5,Bachelor's Degree,4,3,4,7119,9,3,3,2,1,2
792,Yes,Travel_Rarely,35 - 44,Sales,Technical Degree,1,Male,Sales Executive,Single,Yes,35,4,Bachelor's Degree,4,3,1,9582,9,3,8,7,4,7
793,Yes,Travel_Frequently,25 - 34,R&D,Medical,1,Female,Research Scientist,Single,No,33,29,Master's Degree,1,2,3,4508,14,3,13,7,3,8
794,No,Travel_Rarely,25 - 34,R&D,Life Sciences,1,Male,Laboratory Technician,Divorced,No,28,15,Associates Degree,1,1,3,2207,4,2,4,2,2,2
795,No,Travel_Frequently,25 - 34,R&D,Life Sciences,1,Male,Healthcare Representative,Single,No,34,3,High School,1,2,4,7756,7,2,6,2,0,4
796,No,Travel_Rarely,35 - 44,Sales,Life Sciences,1,Female,Sales Executive,Divorced,Yes,37,10,Master's Degree,4,2,4,6694,8,3,1,0,0,0
797,Yes,Travel_Rarely,25 - 34,R&D,Technical Degree,1,Male,Laboratory Technician,Married,Yes,25,4,High School,4,1,4,3691,7,4,7,7,5,6
798,Yes,Travel_Rarely,25 - 34,R&D,Medical,1,Male,Laboratory Technician,Divorced,No,26,21,Bachelor's Degree,1,1,3,2377,1,2,1,1,0,0
799,Yes,Travel_Rarely,25 - 34,R&D,Medical,1,Male,Research Scientist,Single,Yes,33,25,Bachelor's Degree,1,1,2,2313,5,3,2,2,2,2
800,No,Travel_Rarely,35 - 44,R&D,Medical,1,Male,Manager,Married,No,42,2,Associates Degree,4,4,1,17665,23,3,22,6,13,7
801,Yes,Travel_Frequently,25 - 34,R&D,Medical,1,Male,Laboratory Technician,Divorced,No,28,1,Bachelor's Degree,1,1,2,2596,1,3,1,0,0,0
802,Yes,Travel_Frequently,45 - 54,Sales,Other,1,Male,Sales Executive,Single,Yes,50,1,Master's Degree,4,2,3,4728,5,3,0,0,0,0
803,No,Travel_Frequently,25 - 34,Sales,Life Sciences,1,Female,Sales Executive,Married,No,33,7,Bachelor's Degree,4,2,2,4302,4,3,3,2,0,2
804,No,Non-Travel,25 - 34,R&D,Life Sciences,1,Male,Research Scientist,Married,No,34,3,Master's Degree,3,1,4,2979,6,3,0,0,0,0
805,No,Non-Travel,45 - 54,R&D,Medical,1,Male,Manager,Single,No,48,1,Master's Degree,1,4,4,16885,27,2,5,4,2,1
806,No,Non-Travel,45 - 54,Sales,Life Sciences,1,Female,Sales Executive,Married,No,45,9,Master's Degree,2,2,3,5593,15,3,15,10,4,12
807,No,Travel_Rarely,45 - 54,R&D,Life Sciences,1,Male,Healthcare Representative,Single,No,52,7,Master's Degree,2,3,2,10445,18,3,8,6,4,0
808,No,Travel_Rarely,35 - 44,Sales,Marketing,1,Male,Sales Executive,Divorced,Yes,38,10,Master's Degree,3,3,3,8740,9,3,8,7,2,7
809,No,Travel_Rarely,25 - 34,R&D,Life Sciences,1,Female,Research Scientist,Divorced,No,29,28,Master's Degree,3,1,4,2514,11,3,7,5,1,7
810,No,Travel_Rarely,25 - 34,R&D,Medical,1,Female,Manufacturing Director,Divorced,No,28,3,Bachelor's Degree,4,3,2,7655,10,2,9,7,1,7
811,No,Travel_Rarely,45 - 54,Sales,Marketing,1,Male,Manager,Married,No,46,3,High School,1,4,3,17465,23,3,12,9,4,9
812,No,Travel_Rarely,35 - 44,Sales,Marketing,1,Male,Sales Executive,Single,No,38,2,Associates Degree,4,3,2,7351,10,3,1,0,0,0
813,No,Travel_Frequently,35 - 44,R&D,Life Sciences,1,Female,Manufacturing Director,Married,No,43,27,Bachelor's Degree,3,3,1,10820,18,3,8,7,0,1
814,Yes,Travel_Frequently,35 - 44,R&D,Life Sciences,1,Male,Healthcare Representative,Divorced,No,39,2,Bachelor's Degree,1,4,4,12169,21,3,18,7,11,5
815,No,Travel_Rarely,35 - 44,R&D,Medical,1,Male,Research Director,Single,No,40,14,Bachelor's Degree,3,5,3,19626,21,4,20,7,4,9
816,No,Travel_Rarely,Under 25,R&D,Technical Degree,1,Female,Research Scientist,Single,Yes,21,1,High School,4,1,2,2070,2,4,2,2,2,2
817,No,Non-Travel,35 - 44,R&D,Life Sciences,1,Male,Laboratory Technician,Single,No,39,9,Bachelor's Degree,3,2,2,6782,9,2,5,4,0,3
818,No,Non-Travel,35 - 44,R&D,Life Sciences,1,Male,Manufacturing Director,Single,No,36,18,Master's Degree,1,2,4,7779,18,3,11,9,0,9
819,No,Travel_Frequently,25 - 34,Sales,Life Sciences,1,Male,Sales Representative,Married,No,31,20,Bachelor's Degree,3,1,4,2791,3,3,2,2,2,2
820,No,Travel_Rarely,25 - 34,R&D,Life Sciences,1,Male,Research Scientist,Married,No,28,2,High School,1,1,2,3201,6,1,5,3,0,4
821,No,Travel_Frequently,35 - 44,Sales,Marketing,1,Male,Sales Executive,Divorced,No,35,11,Associates Degree,4,2,4,4968,5,3,5,2,0,2
822,No,Travel_Rarely,45 - 54,Sales,Technical Degree,1,Male,Sales Executive,Married,No,49,8,Master's Degree,4,4,2,13120,22,3,9,8,2,3
823,No,Travel_Frequently,25 - 34,R&D,Life Sciences,1,Male,Manufacturing Director,Single,No,34,2,Associates Degree,4,2,3,4033,5,2,3,2,0,2
824,No,Travel_Frequently,25 - 34,R&D,Life Sciences,1,Female,Research Scientist,Divorced,No,29,10,Bachelor's Degree,4,1,2,3291,8,2,7,5,1,1
825,No,Travel_Rarely,35 - 44,R&D,Medical,1,Male,Laboratory Technician,Single,No,42,29,Bachelor's Degree,2,2,4,4272,16,3,1,0,0,0
826,No,Travel_Rarely,25 - 34,R&D,Medical,1,Male,Manufacturing Director,Married,Yes,29,8,High School,2,2,4,5056,10,2,10,7,1,2
827,No,Travel_Rarely,35 - 44,HR,Human Resources,1,Male,Human Resources,Married,No,38,1,Bachelor's Degree,3,1,3,2844,7,4,7,6,5,0
828,No,Travel_Frequently,25 - 34,R&D,Life Sciences,1,Male,Research Scientist,Divorced,Yes,28,6,Bachelor's Degree,3,1,3,2703,3,3,3,1,0,2
829,Yes,Non-Travel,Under 25,R&D,Medical,1,Male,Laboratory Technician,Single,No,18,8,High School,3,1,3,1904,0,3,0,0,0,0
830,Yes,Travel_Rarely,25 - 34,Sales,Marketing,1,Female,Sales Executive,Single,Yes,33,9,Master's Degree,1,2,1,8224,6,3,5,2,0,3
831,No,Travel_Rarely,35 - 44,R&D,Life Sciences,1,Male,Laboratory Technician,Married,Yes,41,12,Master's Degree,2,1,4,4766,6,3,1,0,0,0
832,Yes,Travel_Frequently,25 - 34,R&D,Medical,1,Male,Laboratory Technician,Married,No,31,15,Bachelor's Degree,3,1,3,2610,2,2,2,2,2,2
833,No,Travel_Rarely,35 - 44,R&D,Medical,1,Female,Healthcare Representative,Divorced,No,37,25,Associates Degree,3,2,4,5731,9,3,6,2,1,3
834,No,Travel_Rarely,25 - 34,R&D,Life Sciences,1,Male,Research Scientist,Married,No,27,6,Bachelor's Degree,4,1,3,2539,4,3,4,2,2,2
835,No,Travel_Rarely,25 - 34,Sales,Life Sciences,1,Female,Sales Executive,Married,No,34,9,High School,2,2,3,5714,6,2,6,5,1,3
836,No,Travel_Rarely,35 - 44,HR,Technical Degree,1,Male,Human Resources,Single,No,35,8,Master's Degree,3,1,3,4323,6,1,5,4,1,4
837,Yes,Travel_Rarely,25 - 34,Sales,Life Sciences,1,Female,Sales Executive,Married,No,29,23,High School,4,3,1,7336,11,1,11,8,3,10
838,No,Travel_Frequently,35 - 44,R&D,Medical,1,Female,Research Director,Single,No,40,9,Master's Degree,2,3,3,13499,20,2,18,7,2,13
839,Yes,Travel_Frequently,35 - 44,Sales,Life Sciences,1,Male,Sales Executive,Single,Yes,42,12,Bachelor's Degree,3,4,1,13758,22,2,21,9,13,14
840,No,Travel_Rarely,35 - 44,Sales,Marketing,1,Male,Sales Executive,Single,No,42,4,Master's Degree,2,2,1,5155,9,4,6,4,1,5
841,No,Travel_Rarely,35 - 44,R&D,Medical,1,Male,Laboratory Technician,Married,No,35,1,Master's Degree,4,1,3,2258,10,3,8,0,1,7
842,No,Travel_Rarely,Under 25,R&D,Medical,1,Male,Laboratory Technician,Single,No,24,24,Bachelor's Degree,4,1,2,3597,6,3,4,3,1,2
843,Yes,Travel_Rarely,25 - 34,R&D,Life Sciences,1,Female,Laboratory Technician,Married,Yes,28,12,High School,3,1,4,2515,1,2,1,1,0,0
844,No,Travel_Rarely,25 - 34,R&D,Medical,1,Male,Laboratory Technician,Married,No,26,3,Master's Degree,1,1,4,4420,8,3,8,7,0,7
845,No,Travel_Rarely,25 - 34,Sales,Marketing,1,Male,Sales Executive,Married,No,30,10,Bachelor's Degree,3,2,3,6578,10,3,10,3,1,4
846,No,Travel_Frequently,35 - 44,R&D,Medical,1,Female,Research Scientist,Married,Yes,40,26,Associates Degree,3,2,4,4422,16,1,1,1,0,0
847,No,Travel_Rarely,35 - 44,R&D,Life Sciences,1,Male,Manufacturing Director,Divorced,No,35,2,Bachelor's Degree,3,3,2,10274,15,4,7,7,6,4
848,No,Travel_Frequently,25 - 34,R&D,Medical,1,Male,Healthcare Representative,Single,No,34,1,Bachelor's Degree,4,2,1,5343,14,3,13,9,4,9
849,No,Travel_Frequently,35 - 44,R&D,Other,1,Male,Laboratory Technician,Married,No,35,4,Master's Degree,4,1,4,2376,2,4,2,2,2,2
850,Yes,Travel_Rarely,35 - 44,Sales,Marketing,1,Female,Sales Executive,Single,No,43,9,Bachelor's Degree,1,2,3,5346,7,2,4,3,1,3
851,No,Non-Travel,25 - 34,Sales,Life Sciences,1,Female,Sales Representative,Divorced,No,32,2,High School,3,1,1,2827,1,3,1,0,0,0
852,No,Travel_Rarely,Over 55,R&D,Technical Degree,1,Female,Manager,Divorced,No,56,4,Master's Degree,4,5,1,19943,28,3,5,2,4,2
853,No,Travel_Rarely,25 - 34,R&D,Medical,1,Female,Laboratory Technician,Married,No,29,6,High School,2,1,4,3131,10,3,10,8,0,8
854,No,Travel_Rarely,Under 25,R&D,Life Sciences,1,Male,Research Scientist,Single,No,19,9,Associates Degree,3,1,1,2552,1,3,1,1,0,0
855,No,Travel_Rarely,45 - 54,R&D,Medical,1,Female,Research Scientist,Married,Yes,45,7,Bachelor's Degree,1,1,3,4477,7,2,3,2,0,2
856,No,Travel_Rarely,35 - 44,R&D,Life Sciences,1,Female,Manufacturing Director,Married,No,37,1,Bachelor's Degree,4,2,4,6474,14,2,14,8,3,11
857,No,Travel_Rarely,Under 25,R&D,Life Sciences,1,Male,Laboratory Technician,Single,No,20,3,Bachelor's Degree,1,1,3,3033,2,2,2,2,1,2
858,Yes,Travel_Rarely,35 - 44,R&D,Life Sciences,1,Male,Research Scientist,Single,Yes,44,10,Master's Degree,3,1,3,2936,6,3,6,4,0,2
859,No,Travel_Rarely,45 - 54,R&D,Medical,1,Female,Manager,Divorced,No,53,7,Associates Degree,4,5,3,18606,26,3,7,7,4,7
860,No,Travel_Rarely,25 - 34,R&D,Life Sciences,1,Female,Research Scientist,Married,Yes,29,15,High School,2,1,4,2168,6,2,5,4,1,3
861,Yes,Travel_Frequently,Under 25,R&D,Life Sciences,1,Male,Research Scientist,Married,Yes,22,3,Master's Degree,3,1,4,2853,1,3,0,0,0,0
862,No,Travel_Rarely,45 - 54,Sales,Marketing,1,Female,Manager,Married,No,46,2,Bachelor's Degree,3,4,1,17048,28,3,26,15,15,9
863,No,Non-Travel,35 - 44,R&D,Life Sciences,1,Male,Research Scientist,Single,No,44,17,Bachelor's Degree,4,1,3,2290,6,3,0,0,0,0
864,No,Travel_Rarely,25 - 34,HR,Human Resources,1,Male,Human Resources,Married,No,33,2,Bachelor's Degree,2,1,3,3600,5,3,5,4,1,4
865,Yes,Non-Travel,35 - 44,R&D,Life Sciences,1,Male,Research Scientist,Divorced,No,41,5,Associates Degree,1,1,1,2107,5,1,1,0,0,0
866,No,Travel_Rarely,25 - 34,Sales,Life Sciences,1,Male,Sales Executive,Divorced,No,30,29,Master's Degree,3,2,1,4115,8,3,4,3,0,3
867,No,Travel_Frequently,35 - 44,Sales,Medical,1,Male,Sales Executive,Married,No,40,2,Master's Degree,2,2,2,4327,5,3,0,0,0,0
868,No,Travel_Frequently,45 - 54,R&D,Medical,1,Female,Manager,Married,No,50,2,Bachelor's Degree,4,4,1,17856,32,3,2,2,2,2
869,No,Travel_Rarely,25 - 34,R&D,Medical,1,Male,Laboratory Technician,Married,No,28,19,Master's Degree,4,1,1,3196,6,3,6,5,3,3
870,No,Travel_Rarely,45 - 54,R&D,Life Sciences,1,Male,Research Director,Married,No,46,15,Associates Degree,4,5,2,19081,25,3,4,2,0,3
871,No,Travel_Rarely,35 - 44,Sales,Life Sciences,1,Male,Sales Executive,Married,Yes,35,17,Master's Degree,3,2,1,8966,15,3,7,7,1,7
872,Yes,Travel_Rarely,Under 25,R&D,Life Sciences,1,Female,Laboratory Technician,Married,No,24,17,Associates Degree,4,1,2,2210,1,1,1,0,0,0
873,No,Travel_Frequently,25 - 34,Sales,Medical,1,Female,Sales Executive,Married,No,33,25,Bachelor's Degree,2,2,3,4539,10,2,10,7,0,1
874,No,Travel_Rarely,35 - 44,R&D,Life Sciences,1,Male,Laboratory Technician,Divorced,No,36,6,Master's Degree,3,1,3,2741,7,3,7,7,1,7
875,No,Travel_Rarely,25 - 34,R&D,Life Sciences,1,Male,Laboratory Technician,Divorced,No,30,7,Master's Degree,3,2,3,3491,10,2,10,7,8,9
876,No,Travel_Rarely,35 - 44,R&D,Other,1,Male,Research Scientist,Single,No,44,29,Master's Degree,4,2,4,4541,20,3,20,11,13,17
877,No,Travel_Rarely,Under 25,Sales,Marketing,1,Male,Sales Representative,Single,No,20,21,Bachelor's Degree,3,1,4,2678,2,3,2,1,2,2
878,No,Travel_Rarely,45 - 54,R&D,Technical Degree,1,Male,Manufacturing Director,Divorced,No,46,2,Master's Degree,4,2,4,7379,12,2,6,3,1,4
879,No,Non-Travel,35 - 44,HR,Medical,1,Male,Human Resources,Married,No,42,2,Doctoral Degree,4,2,1,6272,10,4,4,3,0,3
880,No,Travel_Rarely,Over 55,Sales,Marketing,1,Male,Sales Executive,Divorced,Yes,60,7,Master's Degree,2,2,4,5220,12,3,11,7,1,9
881,No,Travel_Frequently,25 - 34,R&D,Other,1,Female,Laboratory Technician,Married,No,32,13,Bachelor's Degree,3,1,2,2743,2,3,2,2,2,2
882,No,Travel_Frequently,25 - 34,R&D,Life Sciences,1,Female,Research Scientist,Single,Yes,32,2,Associates Degree,4,2,3,4998,10,3,8,7,0,7
883,No,Travel_Rarely,35 - 44,R&D,Technical Degree,1,Female,Manufacturing Director,Divorced,Yes,36,1,Bachelor's Degree,3,3,1,10252,17,3,7,7,7,7
884,No,Travel_Rarely,25 - 34,R&D,Medical,1,Male,Research Scientist,Married,No,33,9,Bachelor's Degree,1,1,4,2781,15,3,14,10,4,10
885,No,Travel_Rarely,35 - 44,Sales,Technical Degree,1,Female,Sales Executive,Divorced,No,40,10,Bachelor's Degree,2,2,2,6852,7,4,5,1,1,3
886,No,Travel_Rarely,25 - 34,Sales,Life Sciences,1,Male,Sales Executive,Single,No,25,10,Master's Degree,3,2,4,4950,5,3,4,3,1,1
887,No,Travel_Rarely,25 - 34,R&D,Medical,1,Male,Research Scientist,Married,Yes,30,1,Bachelor's Degree,4,1,2,3579,12,3,11,9,5,7
888,No,Travel_Frequently,35 - 44,R&D,Medical,1,Female,Research Director,Married,Yes,42,26,Doctoral Degree,1,3,1,13191,20,3,1,0,0,0
889,No,Non-Travel,35 - 44,Sales,Marketing,1,Female,Sales Executive,Married,Yes,35,8,Associates Degree,3,3,4,10377,16,2,13,2,4,12
890,No,Travel_Rarely,25 - 34,R&D,Life Sciences,1,Male,Research Scientist,Married,Yes,27,14,Bachelor's Degree,1,1,1,2235,9,2,9,7,6,8
891,No,Travel_Frequently,45 - 54,R&D,Life Sciences,1,Female,Manufacturing Director,Divorced,No,54,1,Master's Degree,4,3,3,10502,33,1,5,4,1,4
892,No,Travel_Rarely,35 - 44,R&D,Life Sciences,1,Female,Research Scientist,Married,No,44,2,High School,1,1,4,2011,10,3,10,5,7,7
893,Yes,Non-Travel,Under 25,R&D,Medical,1,Female,Research Scientist,Single,Yes,19,10,Bachelor's Degree,1,1,2,1859,1,4,1,1,0,0
894,No,Travel_Rarely,25 - 34,R&D,Life Sciences,1,Female,Research Scientist,Divorced,No,29,1,Bachelor's Degree,1,1,4,3760,3,3,3,2,1,2
895,No,Travel_Rarely,45 - 54,R&D,Life Sciences,1,Male,Research Director,Married,No,54,3,Bachelor's Degree,4,4,4,17779,36,3,10,9,0,9
896,No,Travel_Rarely,25 - 34,R&D,Medical,1,Male,Healthcare Representative,Married,Yes,31,11,Associates Degree,3,2,1,6833,6,2,6,5,0,1
897,No,Travel_Rarely,25 - 34,R&D,Medical,1,Female,Healthcare Representative,Single,No,31,24,Bachelor's Degree,3,2,1,6812,10,3,10,9,1,8
898,No,Travel_Rarely,Over 55,Sales,Life Sciences,1,Female,Sales Executive,Single,No,59,3,Bachelor's Degree,3,2,4,5171,13,3,6,1,0,5
899,No,Travel_Rarely,35 - 44,R&D,Life Sciences,1,Male,Research Director,Married,No,43,3,Bachelor's Degree,3,5,4,19740,25,3,8,7,0,7
900,No,Travel_Rarely,45 - 54,R&D,Medical,1,Male,Manager,Married,No,49,4,Associates Degree,1,5,3,18711,23,4,1,0,0,0
901,No,Travel_Frequently,35 - 44,R&D,Technical Degree,1,Male,Research Scientist,Married,No,36,3,Bachelor's Degree,3,1,2,3692,12,2,11,10,0,7
902,No,Travel_Rarely,45 - 54,R&D,Technical Degree,1,Male,Laboratory Technician,Single,No,48,2,Associates Degree,4,1,2,2559,7,2,1,0,0,0
903,No,Travel_Rarely,25 - 34,R&D,Life Sciences,1,Male,Research Scientist,Divorced,No,27,4,Associates Degree,1,1,3,2517,5,3,5,3,0,3
904,No,Travel_Rarely,25 - 34,R&D,Life Sciences,1,Male,Healthcare Representative,Divorced,Yes,29,7,Bachelor's Degree,3,2,4,6623,6,3,6,0,1,0
905,No,Travel_Rarely,45 - 54,R&D,Life Sciences,1,Male,Research Director,Single,No,48,1,Bachelor's Degree,4,5,4,18265,25,4,1,0,0,0
906,No,Travel_Rarely,25 - 34,R&D,Life Sciences,1,Female,Research Director,Divorced,No,29,1,Bachelor's Degree,4,4,4,16124,9,2,7,7,1,7
907,No,Travel_Rarely,25 - 34,R&D,Technical Degree,1,Female,Research Scientist,Married,No,34,20,Bachelor's Degree,3,1,3,2585,2,2,1,0,0,0
908,No,Travel_Rarely,35 - 44,Sales,Marketing,1,Male,Manager,Married,No,44,5,Bachelor's Degree,2,5,2,18213,26,3,22,9,3,10
909,No,Travel_Rarely,25 - 34,Sales,Marketing,1,Male,Sales Executive,Divorced,Yes,33,10,Doctoral Degree,4,3,3,8380,10,3,9,8,0,8
910,No,Travel_Rarely,Under 25,R&D,Life Sciences,1,Female,Research Scientist,Single,Yes,19,25,Bachelor's Degree,2,1,4,2994,1,3,1,0,0,1
911,No,Travel_Rarely,Under 25,R&D,Life Sciences,1,Male,Research Scientist,Married,No,23,1,Associates Degree,4,1,3,1223,1,3,1,0,0,1
912,Yes,Travel_Frequently,25 - 34,Sales,Life Sciences,1,Male,Sales Representative,Single,Yes,25,24,High School,3,1,4,1118,1,3,1,0,1,0
913,No,Travel_Rarely,25 - 34,R&D,Life Sciences,1,Male,Research Scientist,Single,Yes,26,4,Associates Degree,3,1,4,2875,8,2,8,5,2,2
914,Yes,Travel_Rarely,45 - 54,Sales,Marketing,1,Female,Manager,Single,Yes,45,2,Bachelor's Degree,1,5,2,18824,26,3,24,10,1,11
915,No,Non-Travel,Over 55,R&D,Medical,1,Male,Healthcare Representative,Divorced,Yes,55,8,High School,4,4,2,13577,34,3,33,9,15,0
916,Yes,Travel_Frequently,Under 25,R&D,Life Sciences,1,Female,Laboratory Technician,Single,No,21,10,Associates Degree,1,1,3,2625,2,1,2,2,2,2
917,No,Travel_Rarely,45 - 54,Sales,Marketing,1,Female,Manager,Married,No,46,4,Associates Degree,4,5,2,18789,26,3,11,4,0,8
918,No,Travel_Rarely,25 - 34,Sales,Marketing,1,Female,Sales Executive,Single,Yes,34,2,Bachelor's Degree,3,2,1,4538,4,3,3,2,0,2
919,No,Travel_Frequently,45 - 54,Sales,Life Sciences,1,Male,Manager,Divorced,Yes,51,9,Bachelor's Degree,4,5,2,19847,31,2,29,10,11,10
920,No,Travel_Rarely,Over 55,R&D,Medical,1,Male,Manufacturing Director,Single,No,59,18,Master's Degree,4,3,4,10512,25,2,9,7,5,4
921,No,Travel_Frequently,25 - 34,R&D,Medical,1,Female,Laboratory Technician,Divorced,No,34,19,Bachelor's Degree,3,2,2,4444,15,4,11,8,5,10
922,No,Travel_Frequently,25 - 34,R&D,Medical,1,Male,Laboratory Technician,Single,Yes,28,1,Master's Degree,4,1,3,2154,5,2,4,2,0,2
923,No,Travel_Rarely,35 - 44,R&D,Life Sciences,1,Male,Manager,Divorced,No,44,4,Associates Degree,3,5,1,19190,26,2,25,9,14,13
924,No,Travel_Frequently,25 - 34,HR,Life Sciences,1,Male,Human Resources,Married,No,34,11,Bachelor's Degree,3,2,2,4490,14,4,10,9,1,8
925,No,Travel_Rarely,35 - 44,R&D,Life Sciences,1,Male,Research Scientist,Married,Yes,35,6,High School,3,1,3,3506,4,3,3,2,2,2
926,No,Travel_Rarely,35 - 44,R&D,Medical,1,Female,Research Scientist,Married,Yes,42,7,Master's Degree,2,2,2,2372,18,3,1,0,0,0
927,No,Travel_Rarely,35 - 44,Sales,Marketing,1,Female,Sales Executive,Single,No,43,4,Master's Degree,4,3,4,10231,23,4,21,7,15,17
928,No,Travel_Rarely,35 - 44,R&D,Life Sciences,1,Female,Manufacturing Director,Single,Yes,36,2,Master's Degree,3,2,2,5410,18,3,16,14,5,12
929,Yes,Travel_Rarely,35 - 44,R&D,Medical,1,Female,Healthcare Representative,Married,No,44,15,Bachelor's Degree,1,3,4,7978,10,3,10,7,0,5
930,No,Travel_Frequently,25 - 34,R&D,Life Sciences,1,Male,Laboratory Technician,Married,Yes,28,2,Bachelor's Degree,4,1,4,3867,2,3,2,2,2,2
931,No,Travel_Frequently,45 - 54,R&D,Medical,1,Female,Laboratory Technician,Single,No,51,6,Associates Degree,2,1,3,2838,8,2,7,0,7,7
932,No,Non-Travel,25 - 34,R&D,Medical,1,Female,Manufacturing Director,Single,Yes,30,9,Associates Degree,3,2,3,4695,10,3,8,4,1,7
933,Yes,Travel_Rarely,25 - 34,R&D,Technical Degree,1,Female,Laboratory Technician,Divorced,Yes,29,7,Bachelor's Degree,2,1,3,3339,10,3,7,7,7,7
934,No,Travel_Rarely,25 - 34,R&D,Technical Degree,1,Male,Research Scientist,Single,No,28,1,Bachelor's Degree,4,1,1,2080,5,2,3,2,1,2
935,No,Travel_Rarely,25 - 34,R&D,Medical,1,Female,Research Scientist,Single,No,25,1,Bachelor's Degree,4,1,2,2096,2,2,2,2,2,1
936,No,Travel_Rarely,25 - 34,Sales,Medical,1,Male,Sales Executive,Married,No,32,8,Bachelor's Degree,3,2,4,6209,10,4,10,7,0,8
937,No,Travel_Frequently,45 - 54,R&D,Medical,1,Female,Manager,Single,No,45,25,Bachelor's Degree,2,5,2,18061,22,3,0,0,0,0
938,No,Travel_Rarely,35 - 44,R&D,Medical,1,Female,Manager,Divorced,Yes,39,13,Master's Degree,3,4,2,17123,21,3,19,9,15,2
939,No,Travel_Rarely,Over 55,R&D,Life Sciences,1,Male,Research Scientist,Divorced,No,58,23,Master's Degree,1,1,3,2372,2,3,2,2,2,2
940,Yes,Travel_Rarely,25 - 34,R&D,Life Sciences,1,Male,Laboratory Technician,Married,No,32,7,Associates Degree,4,2,3,4883,10,3,10,4,1,1
941,Yes,Travel_Rarely,35 - 44,R&D,Medical,1,Male,Research Scientist,Single,No,39,23,Bachelor's Degree,3,1,1,3904,6,3,5,2,0,3
942,No,Travel_Rarely,25 - 34,R&D,Technical Degree,1,Female,Laboratory Technician,Married,No,30,6,Bachelor's Degree,1,2,4,4627,10,3,9,2,6,7
943,No,Travel_Rarely,35 - 44,R&D,Technical Degree,1,Female,Healthcare Representative,Married,No,36,10,Master's Degree,4,3,3,7094,10,3,7,7,1,7
944,No,Travel_Rarely,45 - 54,HR,Life Sciences,1,Female,Human Resources,Single,No,46,1,Associates Degree,4,1,1,3423,10,4,7,6,5,7
945,No,Non-Travel,25 - 34,R&D,Life Sciences,1,Female,Laboratory Technician,Married,No,28,1,Bachelor's Degree,3,2,4,6674,10,3,9,8,7,5
946,No,Travel_Rarely,45 - 54,R&D,Life Sciences,1,Female,Research Director,Married,Yes,50,28,Bachelor's Degree,4,4,1,16880,25,3,3,2,1,2
947,Yes,Travel_Rarely,35 - 44,Sales,Marketing,1,Male,Sales Executive,Single,Yes,40,25,Master's Degree,4,3,2,9094,9,3,5,4,1,0
948,Yes,Travel_Rarely,45 - 54,Sales,Life Sciences,1,Male,Sales Executive,Single,Yes,52,5,Bachelor's Degree,2,3,2,8446,10,2,8,7,7,7
949,No,Travel_Rarely,25 - 34,R&D,Medical,1,Female,Manager,Married,Yes,30,17,Master's Degree,2,3,1,11916,9,3,9,1,0,8
950,No,Travel_Rarely,35 - 44,R&D,Life Sciences,1,Male,Manufacturing Director,Single,No,39,18,Associates Degree,1,2,3,4534,9,3,8,7,1,7
951,No,Non-Travel,25 - 34,Sales,Life Sciences,1,Female,Sales Executive,Divorced,Yes,31,2,Master's Degree,4,3,3,9852,10,2,10,8,9,6
952,No,Non-Travel,35 - 44,Sales,Medical,1,Male,Sales Executive,Single,No,41,10,Associates Degree,3,2,2,6151,19,3,19,2,11,9
953,Yes,Travel_Frequently,25 - 34,Sales,Life Sciences,1,Female,Sales Representative,Single,Yes,31,1,Bachelor's Degree,4,1,2,2302,3,4,3,2,2,2
954,Yes,Travel_Rarely,35 - 44,R&D,Life Sciences,1,Male,Laboratory Technician,Married,No,44,3,Bachelor's Degree,1,1,1,2362,10,4,3,2,1,2
955,No,Non-Travel,35 - 44,R&D,Life Sciences,1,Male,Manager,Married,Yes,42,2,High School,3,4,3,17861,21,2,20,8,2,10
956,No,Travel_Rarely,Over 55,R&D,Medical,1,Female,Manager,Married,No,55,2,Associates Degree,4,5,3,19187,23,3,19,9,9,11
957,No,Travel_Rarely,Over 55,HR,Life Sciences,1,Male,Manager,Single,No,56,8,Master's Degree,4,5,2,19717,36,3,7,3,7,7
958,No,Non-Travel,35 - 44,R&D,Life Sciences,1,Male,Research Scientist,Divorced,No,40,16,Associates Degree,3,1,3,3544,6,3,4,2,0,0
959,No,Travel_Rarely,25 - 34,R&D,Life Sciences,1,Male,Healthcare Representative,Divorced,No,34,9,Bachelor's Degree,4,3,4,8500,10,2,9,7,1,6
960,No,Travel_Rarely,35 - 44,R&D,Life Sciences,1,Male,Research Scientist,Single,No,40,2,Bachelor's Degree,3,2,4,4661,9,3,9,8,8,8
961,No,Travel_Frequently,35 - 44,Sales,Marketing,1,Female,Sales Executive,Divorced,No,41,1,Bachelor's Degree,3,2,1,4103,10,3,9,3,1,7
962,No,Travel_Frequently,35 - 44,R&D,Life Sciences,1,Male,Research Scientist,Single,Yes,35,4,Master's Degree,3,2,3,4249,9,3,9,6,1,1
963,No,Travel_Rarely,45 - 54,HR,Life Sciences,1,Male,Manager,Divorced,Yes,51,5,Bachelor's Degree,3,4,2,14026,33,3,33,9,0,10
964,No,Travel_Rarely,35 - 44,Sales,Life Sciences,1,Female,Sales Executive,Divorced,No,38,2,Associates Degree,2,2,1,6893,11,3,7,7,1,7
965,No,Travel_Rarely,25 - 34,Sales,Medical,1,Female,Sales Executive,Single,No,34,15,Associates Degree,3,2,1,6125,10,4,10,8,9,6
966,No,Travel_Rarely,25 - 34,R&D,Medical,1,Male,Laboratory Technician,Married,No,25,19,High School,4,1,4,3669,7,2,3,2,1,2
967,Yes,Travel_Rarely,Over 55,R&D,Medical,1,Female,Manufacturing Director,Married,Yes,58,7,Master's Degree,3,3,1,10008,31,2,10,9,5,9
968,No,Travel_Rarely,35 - 44,R&D,Life Sciences,1,Male,Laboratory Technician,Married,No,40,1,Master's Degree,2,1,2,2387,7,3,4,2,0,3
969,No,Travel_Frequently,35 - 44,Sales,Marketing,1,Female,Sales Executive,Married,No,36,7,Bachelor's Degree,1,2,1,4639,17,2,15,7,6,13
970,No,Travel_Rarely,45 - 54,R&D,Life Sciences,1,Male,Manufacturing Director,Single,No,48,4,Bachelor's Degree,4,3,4,7898,11,3,10,9,0,8
971,No,Travel_Rarely,25 - 34,Sales,Medical,1,Female,Sales Representative,Married,No,27,11,Bachelor's Degree,3,1,4,2534,5,3,1,0,0,0
972,No,Travel_Rarely,45 - 54,R&D,Technical Degree,1,Female,Manufacturing Director,Single,No,51,11,Associates Degree,4,4,2,13142,29,2,5,2,0,3
973,No,Non-Travel,Under 25,R&D,Life Sciences,1,Female,Laboratory Technician,Single,No,18,1,Bachelor's Degree,4,1,4,1611,0,4,0,0,0,0
974,No,Travel_Rarely,35 - 44,R&D,Medical,1,Female,Laboratory Technician,Married,No,35,1,Bachelor's Degree,4,2,4,5363,10,3,9,7,0,0
975,No,Travel_Frequently,25 - 34,Sales,Life Sciences,1,Male,Sales Executive,Single,No,27,2,High School,4,2,4,5071,8,3,6,2,0,0
976,Yes,Travel_Rarely,Over 55,Sales,Marketing,1,Male,Sales Executive,Single,Yes,55,13,Master's Degree,1,4,3,13695,24,2,19,7,3,8
977,No,Travel_Rarely,Over 55,R&D,Life Sciences,1,Male,Manufacturing Director,Married,Yes,56,23,Bachelor's Degree,4,4,2,13402,33,3,19,16,15,9
978,No,Non-Travel,25 - 34,R&D,Technical Degree,1,Female,Research Scientist,Divorced,No,34,26,High School,1,1,3,2029,5,3,5,4,0,0
979,No,Travel_Rarely,35 - 44,R&D,Medical,1,Female,Healthcare Representative,Divorced,No,40,2,High School,2,2,3,6377,15,3,12,11,11,8
980,No,Travel_Rarely,25 - 34,R&D,Medical,1,Male,Laboratory Technician,Married,No,34,29,Bachelor's Degree,2,2,3,5429,10,3,8,7,7,7
981,Yes,Travel_Frequently,25 - 34,Sales,Life Sciences,1,Female,Sales Representative,Single,No,31,2,Bachelor's Degree,3,1,4,2785,3,4,1,0,0,0
982,Yes,Travel_Frequently,35 - 44,Sales,Marketing,1,Female,Sales Executive,Married,Yes,35,18,Master's Degree,4,2,3,4614,5,2,4,2,3,2
983,No,Travel_Frequently,35 - 44,R&D,Life Sciences,1,Male,Research Scientist,Divorced,No,38,7,Bachelor's Degree,4,1,3,2610,4,3,4,2,0,3
984,No,Travel_Rarely,25 - 34,R&D,Technical Degree,1,Female,Healthcare Representative,Single,No,34,2,Master's Degree,3,2,4,6687,14,4,14,11,4,11
985,No,Travel_Rarely,25 - 34,Sales,Life Sciences,1,Male,Sales Executive,Married,No,28,26,Bachelor's Degree,3,2,1,4724,5,3,5,3,0,4
986,Yes,Travel_Rarely,25 - 34,R&D,Medical,1,Male,Manufacturing Director,Married,Yes,31,22,Master's Degree,4,2,3,6179,10,2,10,2,6,7
987,No,Travel_Rarely,35 - 44,Sales,Life Sciences,1,Male,Sales Executive,Married,Yes,39,21,Master's Degree,1,2,4,6120,8,4,5,4,1,4
988,No,Travel_Frequently,45 - 54,Sales,Marketing,1,Male,Sales Executive,Married,No,51,2,Bachelor's Degree,2,3,2,10596,14,3,4,2,3,2
989,No,Travel_Frequently,35 - 44,R&D,Life Sciences,1,Female,Research Scientist,Divorced,Yes,41,22,Bachelor's Degree,4,2,4,5467,12,2,6,2,3,3
990,No,Travel_Rarely,35 - 44,R&D,Life Sciences,1,Male,Research Scientist,Married,Yes,37,4,High School,3,1,3,2996,8,3,6,4,1,3
991,No,Travel_Frequently,25 - 34,Sales,Life Sciences,1,Male,Sales Executive,Married,No,33,5,High School,2,2,4,9998,8,4,5,4,1,2
992,No,Travel_Rarely,25 - 34,Sales,Marketing,1,Male,Sales Executive,Married,Yes,32,2,High School,3,2,2,4078,4,2,3,2,1,2
993,No,Non-Travel,35 - 44,R&D,Life Sciences,1,Male,Healthcare Representative,Married,No,39,25,Associates Degree,3,3,3,10920,13,3,6,4,0,5
994,No,Travel_Rarely,25 - 34,Sales,Life Sciences,1,Male,Sales Executive,Married,No,25,18,High School,1,2,3,6232,6,2,3,2,1,2
995,No,Travel_Frequently,45 - 54,R&D,Medical,1,Female,Manufacturing Director,Married,Yes,52,28,Associates Degree,4,4,3,13247,24,2,5,3,0,2
996,No,Travel_Rarely,35 - 44,R&D,Medical,1,Female,Research Scientist,Single,Yes,43,6,Bachelor's Degree,1,2,3,4081,20,1,20,7,1,8
997,No,Travel_Rarely,25 - 34,Sales,Marketing,1,Female,Sales Executive,Married,Yes,27,10,Bachelor's Degree,4,2,4,5769,6,3,6,2,4,4
998,Yes,Travel_Rarely,25 - 34,R&D,Life Sciences,1,Female,Research Scientist,Single,Yes,27,17,Master's Degree,4,1,3,2394,8,3,8,2,7,7
999,No,Travel_Rarely,25 - 34,R&D,Medical,1,Male,Research Scientist,Single,No,26,2,High School,1,1,4,3904,5,3,4,3,1,1
1000,No,Travel_Rarely,35 - 44,HR,Human Resources,1,Female,Manager,Married,No,42,10,Bachelor's Degree,3,4,1,16799,21,3,20,7,0,9
1001,No,Non-Travel,25 - 34,R&D,Medical,1,Female,Healthcare Representative,Divorced,No,32,15,Master's Degree,3,2,4,6667,9,3,5,1,1,2
1002,No,Non-Travel,35 - 44,R&D,Medical,1,Female,Manufacturing Director,Married,No,36,1,Master's Degree,4,2,3,4374,4,3,3,2,1,2
1003,No,Non-Travel,35 - 44,R&D,Life Sciences,1,Female,Healthcare Representative,Married,No,35,8,Master's Degree,3,2,3,4148,15,3,14,11,2,9
1004,No,Non-Travel,45 - 54,R&D,Medical,1,Female,Research Director,Married,No,47,1,High School,3,3,2,11957,14,1,13,8,5,12
1005,No,Non-Travel,Under 25,R&D,Medical,1,Female,Research Scientist,Single,No,18,14,Bachelor's Degree,2,1,3,1514,0,1,0,0,0,0
1006,No,Non-Travel,35 - 44,Sales,Life Sciences,1,Female,Sales Executive,Married,No,39,21,Master's Degree,1,2,3,5736,10,3,3,2,1,2
1007,No,Non-Travel,Under 25,Sales,Life Sciences,1,Female,Sales Representative,Married,No,24,13,Associates Degree,4,1,2,2033,1,3,1,0,0,0
1008,No,Non-Travel,25 - 34,Sales,Marketing,1,Female,Sales Executive,Single,No,33,2,Bachelor's Degree,4,2,2,5147,13,2,11,7,1,7
1009,No,Travel_Frequently,45 - 54,R&D,Medical,1,Female,Manager,Divorced,No,48,22,Bachelor's Degree,4,4,4,17174,24,3,22,17,4,7
1010,No,Travel_Frequently,35 - 44,R&D,Life Sciences,1,Female,Manufacturing Director,Divorced,No,36,4,Associates Degree,4,2,2,5131,18,3,4,2,0,2
1011,No,Travel_Frequently,35 - 44,R&D,Medical,1,Female,Laboratory Technician,Married,No,38,2,Associates Degree,3,1,2,2468,9,2,6,1,0,5
1012,No,Travel_Frequently,25 - 34,R&D,Life Sciences,1,Female,Research Scientist,Married,No,27,15,Bachelor's Degree,4,1,1,4774,8,2,7,6,7,3
1013,No,Travel_Frequently,35 - 44,R&D,Technical Degree,1,Female,Laboratory Technician,Married,No,40,11,Bachelor's Degree,4,2,3,6323,10,4,10,9,9,4
1014,No,Travel_Frequently,25 - 34,R&D,Life Sciences,1,Female,Laboratory Technician,Married,No,29,2,High School,4,1,2,3180,4,3,3,2,0,2
1015,No,Travel_Frequently,35 - 44,R&D,Medical,1,Female,Manufacturing Director,Single,No,39,4,Bachelor's Degree,1,2,3,5042,10,1,9,2,3,8
1016,No,Travel_Frequently,35 - 44,R&D,Medical,1,Female,Laboratory Technician,Single,No,42,9,Associates Degree,1,1,4,3673,12,3,12,9,5,8
1017,No,Travel_Frequently,25 - 34,R&D,Technical Degree,1,Female,Research Scientist,Single,No,30,2,Master's Degree,4,1,1,4968,10,3,9,7,0,7
1018,No,Travel_Frequently,35 - 44,Sales,Marketing,1,Female,Sales Executive,Married,No,44,1,Doctoral Degree,1,2,3,4768,11,2,1,0,0,0
1019,No,Travel_Frequently,25 - 34,Sales,Marketing,1,Female,Sales Executive,Married,No,31,7,Master's Degree,1,3,1,9637,9,3,3,2,2,2
1020,No,Travel_Rarely,25 - 34,HR,Human Resources,1,Female,Human Resources,Married,No,25,2,Bachelor's Degree,3,1,2,2187,6,3,2,0,1,2
1021,No,Travel_Rarely,45 - 54,HR,Life Sciences,1,Female,Manager,Married,No,47,26,Master's Degree,4,5,3,19658,27,3,5,2,1,0
1022,No,Travel_Rarely,25 - 34,HR,Medical,1,Female,Human Resources,Single,No,31,8,Associates Degree,4,1,2,2109,8,3,3,2,0,2
1023,No,Travel_Rarely,25 - 34,R&D,Medical,1,Female,Laboratory Technician,Divorced,No,31,4,Bachelor's Degree,1,1,3,3978,4,2,2,2,2,2
1024,No,Travel_Rarely,35 - 44,R&D,Life Sciences,1,Female,Healthcare Representative,Divorced,No,40,12,Bachelor's Degree,2,2,1,4448,15,3,7,4,7,7
1025,No,Travel_Rarely,35 - 44,R&D,Life Sciences,1,Female,Healthcare Representative,Divorced,No,40,1,Bachelor's Degree,3,2,4,6513,12,3,5,3,0,3
1026,No,Travel_Rarely,25 - 34,R&D,Technical Degree,1,Female,Research Scientist,Divorced,No,29,4,Bachelor's Degree,4,1,1,2109,1,3,1,0,0,0
1027,No,Travel_Rarely,25 - 34,R&D,Life Sciences,1,Female,Research Scientist,Divorced,No,34,3,Bachelor's Degree,4,2,2,5433,11,3,11,8,7,9
1028,No,Travel_Rarely,45 - 54,R&D,Other,1,Female,Manufacturing Director,Divorced,No,45,2,Associates Degree,4,2,4,5770,10,3,10,7,3,9
1029,No,Travel_Rarely,45 - 54,R&D,Life Sciences,1,Female,Research Director,Divorced,No,50,17,Doctoral Degree,4,3,1,13269,19,3,14,11,1,11
1030,No,Travel_Rarely,25 - 34,R&D,Medical,1,Female,Laboratory Technician,Married,No,33,4,Master's Degree,1,1,2,3838,8,3,5,4,0,2
1031,No,Travel_Rarely,35 - 44,R&D,Medical,1,Female,Manager,Married,No,43,6,Bachelor's Degree,1,5,3,19392,21,3,16,12,6,14
1032,No,Travel_Rarely,45 - 54,R&D,Technical Degree,1,Female,Manager,Married,No,51,3,Bachelor's Degree,1,3,3,13116,15,3,2,2,2,2
1033,No,Travel_Rarely,25 - 34,R&D,Life Sciences,1,Female,Research Scientist,Married,No,34,19,Bachelor's Degree,2,1,4,2929,10,3,10,9,8,7
1034,No,Travel_Rarely,25 - 34,R&D,Medical,1,Female,Research Scientist,Married,No,27,8,Bachelor's Degree,2,1,3,3517,5,3,3,2,0,2
1035,No,Travel_Rarely,45 - 54,R&D,Other,1,Female,Laboratory Technician,Married,No,52,8,Master's Degree,3,1,1,2950,12,1,5,4,0,4
1036,No,Travel_Rarely,35 - 44,R&D,Medical,1,Female,Research Director,Married,No,38,10,Bachelor's Degree,2,3,3,13206,20,3,18,16,1,11
1037,No,Travel_Rarely,35 - 44,R&D,Medical,1,Female,Research Scientist,Married,No,37,10,Bachelor's Degree,2,1,2,3936,8,1,8,4,7,7
1038,No,Travel_Rarely,25 - 34,R&D,Other,1,Female,Healthcare Representative,Married,No,29,8,High School,3,2,1,9715,9,3,7,7,0,7
1039,No,Travel_Rarely,35 - 44,R&D,Life Sciences,1,Female,Research Scientist,Married,No,35,1,Master's Degree,3,1,4,2977,4,3,4,3,1,1
1040,No,Travel_Rarely,35 - 44,R&D,Life Sciences,1,Female,Laboratory Technician,Married,No,40,2,Associates Degree,3,1,1,3377,7,2,4,3,0,2
1041,No,Travel_Rarely,45 - 54,R&D,Life Sciences,1,Female,Laboratory Technician,Married,No,49,25,Master's Degree,3,1,1,3211,10,2,9,6,1,4
1042,No,Travel_Rarely,45 - 54,R&D,Other,1,Female,Research Scientist,Married,No,48,15,Master's Degree,3,1,1,2367,10,2,8,2,7,6
1043,No,Travel_Rarely,25 - 34,R&D,Life Sciences,1,Female,Laboratory Technician,Married,No,34,1,Bachelor's Degree,4,1,2,3294,7,2,5,4,0,2
1044,No,Travel_Rarely,25 - 34,R&D,Life Sciences,1,Female,Research Scientist,Married,No,32,5,Associates Degree,4,2,2,5878,12,3,7,1,2,5
1045,No,Travel_Rarely,35 - 44,R&D,Other,1,Female,Laboratory Technician,Married,No,38,6,Associates Degree,4,1,3,3702,5,3,5,4,0,4
1046,No,Travel_Rarely,35 - 44,R&D,Medical,1,Female,Laboratory Technician,Married,No,38,4,Associates Degree,4,1,3,3306,7,2,0,0,0,0
1047,No,Travel_Rarely,25 - 34,R&D,Medical,1,Female,Laboratory Technician,Married,No,29,9,Master's Degree,4,1,3,2974,9,3,5,3,1,2
1048,No,Travel_Rarely,45 - 54,R&D,Medical,1,Female,Research Scientist,Married,No,54,7,Master's Degree,4,2,4,6854,14,2,7,1,1,7
1049,No,Travel_Rarely,35 - 44,R&D,Life Sciences,1,Female,Manufacturing Director,Married,No,40,15,Bachelor's Degree,1,3,3,10435,18,3,18,15,14,12
1050,No,Travel_Rarely,45 - 54,R&D,Other,1,Female,Research Director,Married,No,49,22,Master's Degree,1,4,2,16413,27,3,4,2,1,2
1051,No,Travel_Rarely,45 - 54,R&D,Life Sciences,1,Female,Research Scientist,Married,No,54,9,Associates Degree,1,2,3,2897,9,2,4,3,2,3
1052,No,Travel_Rarely,45 - 54,R&D,Medical,1,Female,Research Director,Married,No,47,2,Master's Degree,1,4,3,17169,26,4,20,17,5,6
1053,No,Travel_Rarely,45 - 54,R&D,Life Sciences,1,Female,Manufacturing Director,Married,No,45,25,Associates Degree,2,2,4,5906,10,2,9,8,3,8
1054,No,Travel_Rarely,35 - 44,R&D,Life Sciences,1,Female,Healthcare Representative,Married,No,36,5,Master's Degree,2,3,1,8008,9,3,3,2,0,2
1055,No,Travel_Rarely,25 - 34,R&D,Other,1,Female,Research Scientist,Married,No,32,5,Master's Degree,2,1,4,3312,6,3,3,2,0,2
1056,No,Travel_Rarely,35 - 44,R&D,Medical,1,Female,Research Scientist,Married,No,40,2,Master's Degree,3,1,3,2001,20,3,5,3,0,2
1057,No,Travel_Rarely,25 - 34,R&D,Life Sciences,1,Female,Research Director,Single,No,31,8,Doctoral Degree,1,4,2,16422,9,4,3,2,1,0
1058,No,Travel_Rarely,35 - 44,R&D,Medical,1,Female,Laboratory Technician,Single,No,37,11,Bachelor's Degree,1,1,3,3629,8,3,3,2,0,2
1059,No,Travel_Rarely,25 - 34,R&D,Medical,1,Female,Manufacturing Director,Single,No,30,10,Bachelor's Degree,1,3,3,9667,9,3,7,7,0,2
1060,No,Travel_Rarely,35 - 44,R&D,Life Sciences,1,Female,Manufacturing Director,Single,No,39,6,Bachelor's Degree,2,3,2,8376,9,3,2,0,2,2
1061,No,Travel_Rarely,45 - 54,R&D,Life Sciences,1,Female,Laboratory Technician,Single,No,47,9,Master's Degree,2,1,3,2105,7,3,2,2,2,0
1062,No,Travel_Rarely,25 - 34,R&D,Life Sciences,1,Female,Laboratory Technician,Single,No,32,29,Master's Degree,3,1,2,2837,6,3,6,2,4,1
1063,No,Travel_Rarely,Under 25,R&D,Medical,1,Female,Laboratory Technician,Single,No,23,4,High School,3,1,2,3295,3,1,3,2,1,2
1064,No,Travel_Rarely,25 - 34,R&D,Medical,1,Female,Research Scientist,Single,No,27,8,Bachelor's Degree,3,1,4,3445,6,2,6,2,1,4
1065,No,Travel_Rarely,25 - 34,R&D,Medical,1,Female,Research Scientist,Single,No,29,28,Master's Degree,4,1,1,3785,5,1,5,4,0,4
1066,No,Travel_Rarely,35 - 44,R&D,Life Sciences,1,Female,Healthcare Representative,Single,No,35,16,Bachelor's Degree,4,3,2,8606,11,1,11,8,3,3
1067,No,Travel_Rarely,45 - 54,R&D,Technical Degree,1,Female,Research Director,Single,No,45,28,Associates Degree,4,4,2,16704,21,3,21,6,8,6
1068,No,Travel_Rarely,45 - 54,R&D,Medical,1,Female,Research Director,Single,No,54,1,Bachelor's Degree,4,4,4,17328,29,2,20,7,12,7
1069,No,Travel_Rarely,45 - 54,Sales,Technical Degree,1,Female,Sales Executive,Divorced,No,46,3,Bachelor's Degree,1,4,1,13225,25,3,19,17,2,8
1070,No,Travel_Rarely,45 - 54,Sales,Life Sciences,1,Female,Sales Executive,Divorced,No,48,16,Master's Degree,3,2,3,6439,18,3,8,7,7,7
1071,No,Travel_Rarely,25 - 34,Sales,Marketing,1,Female,Sales Executive,Divorced,No,30,7,Master's Degree,4,2,1,4779,8,3,3,2,0,2
1072,No,Travel_Rarely,45 - 54,Sales,Life Sciences,1,Female,Manager,Divorced,No,47,2,Master's Degree,2,4,2,15972,29,3,3,2,1,2
1073,No,Travel_Rarely,35 - 44,Sales,Life Sciences,1,Female,Sales Executive,Married,No,38,10,Associates Degree,1,2,4,5343,10,3,10,7,1,9
1074,No,Travel_Rarely,35 - 44,Sales,Marketing,1,Female,Sales Executive,Married,No,36,11,Master's Degree,2,2,4,6652,8,2,6,3,0,0
1075,No,Travel_Rarely,35 - 44,Sales,Marketing,1,Female,Sales Executive,Married,No,39,24,High School,2,4,4,12031,21,2,20,9,9,6
1076,No,Travel_Rarely,35 - 44,Sales,Marketing,1,Female,Sales Executive,Married,No,40,2,Associates Degree,2,2,2,5677,15,3,11,8,5,10
1077,No,Travel_Rarely,25 - 34,Sales,Medical,1,Female,Sales Representative,Married,No,28,3,Bachelor's Degree,2,1,2,2856,1,3,1,0,0,0
1078,No,Travel_Rarely,45 - 54,Sales,Life Sciences,1,Female,Manager,Married,No,46,3,Bachelor's Degree,3,4,2,16606,23,4,13,12,5,1
1079,No,Travel_Rarely,Over 55,Sales,Marketing,1,Female,Sales Executive,Married,No,56,11,Doctoral Degree,4,2,1,5380,6,3,0,0,0,0
1080,No,Travel_Rarely,35 - 44,Sales,Life Sciences,1,Female,Sales Executive,Married,No,40,14,Associates Degree,4,2,1,4639,5,3,5,4,1,2
1081,No,Travel_Rarely,25 - 34,Sales,Marketing,1,Female,Sales Executive,Married,No,31,29,Master's Degree,1,2,4,5468,13,3,12,7,5,7
1082,No,Travel_Rarely,35 - 44,Sales,Medical,1,Female,Sales Executive,Married,No,36,3,Bachelor's Degree,1,3,4,7644,10,3,9,7,3,4
1083,No,Travel_Rarely,25 - 34,Sales,Life Sciences,1,Female,Sales Executive,Married,No,31,5,Master's Degree,1,2,4,5476,10,3,10,0,0,2
1084,No,Travel_Rarely,35 - 44,Sales,Marketing,1,Female,Sales Executive,Married,No,36,16,Master's Degree,3,2,1,5647,11,2,3,2,0,2
1085,No,Travel_Rarely,25 - 34,Sales,Marketing,1,Female,Sales Executive,Married,No,32,1,Master's Degree,3,3,4,10422,14,3,14,10,5,7
1086,No,Travel_Rarely,25 - 34,Sales,Medical,1,Female,Sales Executive,Single,No,27,2,Associates Degree,1,2,3,6500,9,2,8,7,0,7
1087,No,Travel_Rarely,35 - 44,Sales,Life Sciences,1,Female,Sales Executive,Single,No,38,16,Bachelor's Degree,2,2,2,4198,8,4,3,2,1,2
1088,No,Travel_Rarely,35 - 44,Sales,Life Sciences,1,Female,Sales Executive,Single,No,36,1,Master's Degree,2,2,3,6815,15,3,1,0,0,0
1089,No,Travel_Rarely,Under 25,Sales,Medical,1,Female,Sales Representative,Single,No,20,2,Bachelor's Degree,3,1,3,2783,2,3,2,2,2,2
1090,No,Travel_Rarely,35 - 44,Sales,Life Sciences,1,Female,Sales Representative,Single,No,36,2,Master's Degree,3,2,4,4502,17,2,13,7,6,7
1091,No,Travel_Rarely,25 - 34,Sales,Life Sciences,1,Female,Sales Executive,Single,No,34,3,Associates Degree,4,2,4,6029,6,3,2,2,2,2
1092,No,Travel_Rarely,25 - 34,Sales,Other,1,Female,Sales Representative,Single,No,26,5,Bachelor's Degree,4,1,3,2966,5,3,4,2,0,0
1093,No,Travel_Rarely,45 - 54,Sales,Life Sciences,1,Female,Sales Executive,Single,No,45,20,Bachelor's Degree,4,2,3,4850,8,3,5,3,0,1
1094,No,Travel_Rarely,45 - 54,Sales,Marketing,1,Female,Sales Executive,Single,No,49,11,Master's Degree,4,2,4,4507,8,4,5,1,0,4
1095,No,Non-Travel,25 - 34,HR,Life Sciences,1,Male,Human Resources,Divorced,No,28,1,Associates Degree,3,1,4,2706,3,3,3,2,2,2
1096,No,Non-Travel,35 - 44,HR,Human Resources,1,Male,Human Resources,Divorced,No,38,2,Bachelor's Degree,1,1,2,2592,13,3,11,10,3,8
1097,No,Non-Travel,35 - 44,HR,Human Resources,1,Male,Human Resources,Married,No,41,4,Bachelor's Degree,3,2,2,6430,10,3,3,2,1,2
1098,No,Non-Travel,35 - 44,R&D,Medical,1,Male,Manufacturing Director,Divorced,No,35,2,Associates Degree,2,2,4,5762,15,3,7,7,1,7
1099,No,Non-Travel,35 - 44,R&D,Medical,1,Male,Research Director,Divorced,No,40,8,High School,4,3,2,13757,16,3,9,8,4,8
1100,No,Non-Travel,25 - 34,R&D,Technical Degree,1,Male,Research Scientist,Divorced,No,30,7,Bachelor's Degree,3,1,3,1274,1,2,1,0,0,0
1101,No,Non-Travel,35 - 44,R&D,Other,1,Male,Laboratory Technician,Divorced,No,40,9,Master's Degree,3,2,3,3975,11,4,8,7,0,7
1102,No,Non-Travel,25 - 34,R&D,Technical Degree,1,Male,Research Scientist,Divorced,No,33,4,Bachelor's Degree,4,2,2,3055,11,2,9,8,1,7
1103,No,Non-Travel,25 - 34,R&D,Medical,1,Male,Laboratory Technician,Divorced,No,33,1,Associates Degree,2,1,3,2008,1,2,1,1,0,0
1104,No,Non-Travel,45 - 54,R&D,Technical Degree,1,Male,Research Scientist,Married,No,47,14,Master's Degree,3,2,2,5467,16,4,8,7,1,7
1105,No,Non-Travel,25 - 34,R&D,Technical Degree,1,Male,Research Scientist,Married,No,32,1,Master's Degree,4,2,1,4087,9,2,6,5,1,2
1106,No,Non-Travel,35 - 44,R&D,Life Sciences,1,Male,Research Scientist,Single,No,43,9,Bachelor's Degree,1,1,3,2438,7,2,3,2,1,2
1107,No,Non-Travel,25 - 34,R&D,Medical,1,Male,Manufacturing Director,Single,No,31,5,Bachelor's Degree,2,2,1,9936,10,3,9,4,1,7
1108,No,Non-Travel,25 - 34,R&D,Technical Degree,1,Male,Research Scientist,Single,No,32,5,Master's Degree,2,1,2,2718,12,3,7,7,0,7
1109,No,Non-Travel,35 - 44,R&D,Life Sciences,1,Male,Laboratory Technician,Single,No,44,5,Bachelor's Degree,3,1,3,3162,7,3,5,2,0,3
1110,No,Non-Travel,25 - 34,R&D,Medical,1,Male,Research Scientist,Single,No,28,16,Bachelor's Degree,3,1,3,2144,5,2,5,3,1,4
1111,No,Non-Travel,35 - 44,R&D,Technical Degree,1,Male,Laboratory Technician,Single,No,37,5,Associates Degree,3,1,3,3500,7,1,6,5,1,3
1112,No,Non-Travel,35 - 44,R&D,Life Sciences,1,Male,Research Scientist,Single,No,42,23,Associates Degree,4,2,3,4332,20,3,20,9,3,7
1113,No,Non-Travel,35 - 44,R&D,Life Sciences,1,Male,Manager,Single,No,39,9,Bachelor's Degree,4,5,4,19431,21,2,6,0,1,3
1114,No,Non-Travel,45 - 54,Sales,Life Sciences,1,Male,Sales Representative,Divorced,No,52,29,Master's Degree,1,1,4,3482,16,2,9,8,0,0
1115,No,Non-Travel,45 - 54,Sales,Marketing,1,Male,Sales Executive,Married,No,45,26,Bachelor's Degree,1,2,1,4385,10,3,10,7,4,5
1116,No,Non-Travel,45 - 54,Sales,Marketing,1,Male,Sales Executive,Married,No,47,2,Master's Degree,3,2,2,4978,4,1,1,0,0,0
1117,No,Non-Travel,45 - 54,Sales,Life Sciences,1,Male,Sales Executive,Single,No,46,26,Associates Degree,2,2,2,7991,6,3,2,2,2,2
1118,No,Travel_Frequently,35 - 44,HR,Human Resources,1,Male,Human Resources,Married,No,38,10,Master's Degree,3,2,3,6077,10,3,6,3,1,2
1119,No,Travel_Frequently,Under 25,HR,Medical,1,Male,Human Resources,Married,No,24,10,Bachelor's Degree,1,1,4,2145,3,3,2,2,2,1
1120,No,Travel_Frequently,25 - 34,R&D,Life Sciences,1,Male,Healthcare Representative,Divorced,No,29,2,High School,1,2,4,8853,6,4,6,4,1,3
1121,No,Travel_Frequently,25 - 34,R&D,Life Sciences,1,Male,Manufacturing Director,Divorced,No,34,10,Master's Degree,3,2,4,4724,9,3,9,7,7,2
1122,No,Travel_Frequently,25 - 34,R&D,Medical,1,Male,Research Director,Divorced,No,34,15,Bachelor's Degree,2,4,1,17007,16,2,14,8,6,9
1123,No,Travel_Frequently,25 - 34,R&D,Other,1,Male,Research Scientist,Divorced,No,34,1,Master's Degree,4,1,1,2996,10,3,4,3,1,3
1124,No,Travel_Frequently,25 - 34,R&D,Life Sciences,1,Male,Manufacturing Director,Divorced,No,25,2,High School,4,2,3,5206,7,3,7,7,0,7
1125,No,Travel_Frequently,45 - 54,R&D,Life Sciences,1,Male,Research Director,Married,No,49,2,High School,2,5,4,19161,28,3,5,4,4,3
1126,No,Travel_Frequently,25 - 34,R&D,Medical,1,Male,Laboratory Technician,Married,No,29,20,High School,4,1,4,3812,11,4,11,8,3,10
1127,No,Travel_Frequently,35 - 44,R&D,Life Sciences,1,Male,Manufacturing Director,Married,No,38,6,Master's Degree,1,2,3,5321,10,3,8,3,7,7
1128,No,Travel_Frequently,25 - 34,R&D,Life Sciences,1,Male,Research Scientist,Married,No,32,10,Bachelor's Degree,1,1,3,3433,10,2,5,2,1,3
1129,No,Travel_Frequently,25 - 34,R&D,Other,1,Male,Laboratory Technician,Married,No,26,6,Bachelor's Degree,3,1,4,2544,8,3,7,7,7,7
1130,No,Travel_Frequently,35 - 44,R&D,Medical,1,Male,Laboratory Technician,Married,No,36,23,Associates Degree,3,2,4,2571,17,3,5,2,0,3
1131,No,Travel_Frequently,25 - 34,R&D,Technical Degree,1,Male,Healthcare Representative,Married,No,34,10,Master's Degree,4,2,3,5063,8,2,8,2,7,7
1132,No,Travel_Frequently,35 - 44,R&D,Life Sciences,1,Male,Research Scientist,Married,No,38,1,Bachelor's Degree,4,2,4,4735,19,4,13,11,2,9
1133,No,Travel_Frequently,45 - 54,R&D,Medical,1,Male,Healthcare Representative,Single,No,45,1,Master's Degree,2,2,3,5399,12,3,4,2,0,3
1134,No,Travel_Frequently,35 - 44,R&D,Life Sciences,1,Male,Manufacturing Director,Single,No,35,18,Associates Degree,3,3,4,9362,10,3,2,2,2,2
1135,No,Travel_Frequently,25 - 34,R&D,Medical,1,Male,Research Scientist,Single,No,27,2,Bachelor's Degree,4,1,4,2580,6,2,4,2,1,2
1136,No,Travel_Frequently,35 - 44,Sales,Life Sciences,1,Male,Sales Executive,Divorced,No,39,20,Bachelor's Degree,3,2,4,4127,7,3,2,1,2,2
1137,No,Travel_Frequently,35 - 44,Sales,Medical,1,Male,Sales Executive,Divorced,No,37,1,Master's Degree,3,2,4,9525,6,2,6,3,1,3
1138,No,Travel_Frequently,45 - 54,Sales,Medical,1,Male,Sales Executive,Married,No,49,2,Bachelor's Degree,4,2,2,5390,17,2,9,6,0,8
1139,No,Travel_Frequently,25 - 34,Sales,Medical,1,Male,Sales Executive,Married,No,33,7,Bachelor's Degree,4,2,1,4373,5,3,4,3,0,3
1140,No,Travel_Frequently,25 - 34,Sales,Life Sciences,1,Male,Sales Executive,Single,No,28,7,Bachelor's Degree,3,2,1,4898,5,3,4,2,1,3
1141,No,Travel_Frequently,25 - 34,Sales,Other,1,Male,Sales Executive,Single,No,31,2,Master's Degree,4,2,1,5332,10,3,5,2,0,3
1142,No,Travel_Frequently,25 - 34,Sales,Marketing,1,Male,Sales Executive,Single,No,32,10,Master's Degree,4,2,4,4648,4,4,0,0,0,0
1143,No,Travel_Rarely,35 - 44,HR,Other,1,Male,Human Resources,Divorced,No,37,8,Associates Degree,3,2,2,4071,19,2,10,0,4,7
1144,No,Travel_Rarely,25 - 34,HR,Medical,1,Male,Human Resources,Married,No,29,6,High School,4,1,2,2804,1,3,1,0,0,0
1145,No,Travel_Rarely,25 - 34,HR,Other,1,Male,Human Resources,Single,No,29,17,Bachelor's Degree,2,3,1,7988,10,2,10,9,0,9
1146,No,Travel_Rarely,35 - 44,HR,Life Sciences,1,Male,Human Resources,Single,No,43,2,Bachelor's Degree,2,1,4,3539,10,3,9,7,1,8
1147,No,Travel_Rarely,Over 55,R&D,Technical Degree,1,Male,Research Scientist,Divorced,No,55,22,Bachelor's Degree,1,1,2,3537,8,3,4,2,1,2
1148,No,Travel_Rarely,25 - 34,R&D,Life Sciences,1,Male,Research Scientist,Divorced,No,28,1,Bachelor's Degree,1,1,3,1563,1,1,1,0,0,0
1149,No,Travel_Rarely,35 - 44,R&D,Life Sciences,1,Male,Manager,Divorced,No,40,1,Master's Degree,1,4,1,16823,22,3,19,7,11,16
1150,No,Travel_Rarely,25 - 34,R&D,Life Sciences,1,Male,Laboratory Technician,Divorced,No,31,20,Bachelor's Degree,2,2,3,4197,10,3,10,8,0,2
1151,No,Travel_Rarely,35 - 44,R&D,Medical,1,Male,Laboratory Technician,Divorced,No,39,3,Associates Degree,3,2,3,3069,11,3,10,8,0,7
1152,No,Travel_Rarely,35 - 44,R&D,Medical,1,Male,Research Scientist,Divorced,No,40,2,Bachelor's Degree,3,1,3,2345,8,4,3,1,1,2
1153,No,Travel_Rarely,45 - 54,R&D,Life Sciences,1,Male,Manufacturing Director,Divorced,No,46,2,Associates Degree,4,3,4,8578,12,2,9,8,4,7
1154,No,Travel_Rarely,35 - 44,R&D,Technical Degree,1,Male,Laboratory Technician,Divorced,No,43,27,Bachelor's Degree,4,1,2,4876,8,3,6,4,0,2
1155,No,Travel_Rarely,35 - 44,R&D,Life Sciences,1,Male,Research Scientist,Divorced,No,38,9,Associates Degree,2,1,4,4771,10,4,5,2,0,3
1156,No,Travel_Rarely,Over 55,R&D,Medical,1,Male,Research Director,Divorced,No,55,1,Master's Degree,2,4,4,14732,31,4,7,7,0,0
1157,No,Travel_Rarely,45 - 54,R&D,Life Sciences,1,Male,Healthcare Representative,Divorced,No,49,7,Master's Degree,3,3,2,10466,29,3,8,7,0,7
1158,No,Travel_Rarely,25 - 34,R&D,Life Sciences,1,Male,Healthcare Representative,Divorced,No,29,29,High School,4,2,3,6384,11,3,7,0,1,6
1159,No,Travel_Rarely,25 - 34,R&D,Other,1,Male,Laboratory Technician,Divorced,No,27,19,Bachelor's Degree,4,1,1,4066,7,3,7,7,0,7
1160,No,Travel_Rarely,25 - 34,R&D,Medical,1,Male,Research Scientist,Divorced,No,32,2,Bachelor's Degree,4,2,2,5470,10,2,9,5,1,6
1161,No,Travel_Rarely,45 - 54,R&D,Technical Degree,1,Male,Healthcare Representative,Divorced,No,45,1,Master's Degree,1,3,2,7441,10,3,10,8,7,7
1162,No,Travel_Rarely,Under 25,R&D,Medical,1,Male,Laboratory Technician,Divorced,No,24,29,High School,2,1,1,3907,6,4,6,2,1,2
1163,No,Travel_Rarely,Under 25,R&D,Technical Degree,1,Male,Laboratory Technician,Divorced,No,24,21,Associates Degree,3,1,1,2296,2,3,1,1,0,0
1164,No,Travel_Rarely,35 - 44,R&D,Other,1,Male,Research Scientist,Divorced,No,39,19,Master's Degree,4,2,4,3902,7,3,2,2,2,2
1165,No,Travel_Rarely,35 - 44,R&D,Life Sciences,1,Male,Manager,Married,No,42,2,Bachelor's Degree,1,5,3,18880,24,2,22,6,4,14
1166,No,Travel_Rarely,35 - 44,R&D,Medical,1,Male,Research Scientist,Married,No,37,13,Bachelor's Degree,1,2,4,4285,10,3,10,8,3,7
1167,No,Travel_Rarely,25 - 34,R&D,Life Sciences,1,Male,Laboratory Technician,Married,No,27,11,High School,2,1,1,2099,6,4,5,0,1,4
1168,No,Travel_Rarely,35 - 44,R&D,Life Sciences,1,Male,Research Scientist,Married,No,35,18,Doctoral Degree,2,2,1,5208,16,3,16,15,1,10
1169,No,Travel_Rarely,25 - 34,R&D,Medical,1,Male,Laboratory Technician,Married,No,34,8,Bachelor's Degree,2,2,3,4404,6,4,4,3,1,2
1170,No,Travel_Rarely,45 - 54,R&D,Medical,1,Male,Healthcare Representative,Married,No,53,24,Master's Degree,2,3,4,7005,11,3,4,3,1,2
1171,No,Travel_Rarely,45 - 54,R&D,Life Sciences,1,Male,Research Director,Married,No,48,10,Bachelor's Degree,4,5,2,19665,29,3,22,10,12,9
1172,No,Travel_Rarely,25 - 34,R&D,Medical,1,Male,Laboratory Technician,Married,No,30,1,Associates Degree,4,1,2,3748,12,2,12,8,1,7
1173,No,Travel_Rarely,25 - 34,R&D,Life Sciences,1,Male,Healthcare Representative,Married,No,29,1,Bachelor's Degree,1,2,1,5373,6,2,5,3,0,2
1174,No,Travel_Rarely,45 - 54,R&D,Technical Degree,1,Male,Healthcare Representative,Married,No,49,5,Master's Degree,1,2,3,6651,20,2,3,2,1,2
1175,No,Travel_Rarely,35 - 44,R&D,Life Sciences,1,Male,Healthcare Representative,Married,No,43,11,Bachelor's Degree,1,3,3,7510,10,3,10,9,0,9
1176,No,Travel_Rarely,25 - 34,R&D,Technical Degree,1,Male,Laboratory Technician,Married,No,25,1,Bachelor's Degree,1,1,4,3229,7,2,3,2,0,2
1177,No,Travel_Rarely,45 - 54,R&D,Technical Degree,1,Male,Research Scientist,Married,No,47,1,Bachelor's Degree,1,1,4,3420,17,2,6,5,1,2
1178,No,Travel_Rarely,35 - 44,R&D,Medical,1,Male,Laboratory Technician,Married,No,35,23,Master's Degree,2,1,3,2705,6,4,5,4,0,3
1179,No,Travel_Rarely,25 - 34,R&D,Medical,1,Male,Research Scientist,Married,No,30,7,Bachelor's Degree,2,1,2,2141,6,2,6,4,1,1
1180,No,Travel_Rarely,25 - 34,R&D,Medical,1,Male,Laboratory Technician,Married,No,34,5,Associates Degree,2,2,4,3986,15,4,15,10,4,13
1181,No,Travel_Rarely,25 - 34,R&D,Technical Degree,1,Male,Research Scientist,Married,No,27,2,Master's Degree,2,1,2,2226,6,2,5,3,1,2
1182,No,Travel_Rarely,25 - 34,R&D,Life Sciences,1,Male,Laboratory Technician,Married,No,31,2,Master's Degree,2,1,3,3477,6,4,5,2,0,3
1183,No,Travel_Rarely,25 - 34,R&D,Life Sciences,1,Male,Research Scientist,Married,No,30,16,High School,2,1,4,2862,10,2,10,0,0,8
1184,No,Travel_Rarely,25 - 34,R&D,Life Sciences,1,Male,Research Scientist,Married,No,34,1,Master's Degree,2,2,4,5484,9,2,2,2,2,1
1185,No,Travel_Rarely,35 - 44,R&D,Life Sciences,1,Male,Healthcare Representative,Married,No,44,1,Master's Degree,2,2,1,5033,10,3,2,0,2,2
1186,No,Travel_Rarely,35 - 44,R&D,Medical,1,Male,Laboratory Technician,Married,No,42,2,Bachelor's Degree,3,1,2,4841,4,3,1,0,0,0
1187,No,Travel_Rarely,35 - 44,R&D,Life Sciences,1,Male,Laboratory Technician,Married,No,35,7,Associates Degree,3,1,4,2690,1,2,1,0,0,1
1188,No,Travel_Rarely,35 - 44,R&D,Medical,1,Male,Research Director,Married,No,42,6,Bachelor's Degree,3,3,1,13348,18,4,13,7,5,7
1189,No,Travel_Rarely,25 - 34,R&D,Life Sciences,1,Male,Research Scientist,Married,No,28,1,Bachelor's Degree,3,1,4,2044,5,4,5,3,0,3
1190,No,Travel_Rarely,25 - 34,R&D,Life Sciences,1,Male,Healthcare Representative,Married,No,30,16,Bachelor's Degree,3,2,3,5294,10,3,7,0,1,7
1191,No,Travel_Rarely,Under 25,R&D,Medical,1,Male,Research Scientist,Married,No,24,9,Bachelor's Degree,3,1,3,4401,5,3,5,3,0,4
1192,No,Travel_Rarely,35 - 44,R&D,Medical,1,Male,Healthcare Representative,Married,No,39,6,High School,4,3,1,9991,9,3,7,7,1,7
1193,No,Travel_Rarely,35 - 44,R&D,Life Sciences,1,Male,Research Director,Married,No,44,28,Bachelor's Degree,4,4,1,16328,24,4,20,6,14,17
1194,No,Travel_Rarely,35 - 44,R&D,Life Sciences,1,Male,Manufacturing Director,Married,No,35,27,Master's Degree,4,2,3,6883,17,3,7,7,0,7
1195,No,Travel_Rarely,25 - 34,R&D,Life Sciences,1,Male,Research Scientist,Married,No,33,8,Master's Degree,4,1,1,3143,14,3,10,8,7,6
1196,No,Travel_Rarely,Under 25,R&D,Technical Degree,1,Male,Research Scientist,Married,No,23,10,Bachelor's Degree,4,1,3,2073,4,3,2,2,2,2
1197,No,Travel_Rarely,35 - 44,R&D,Life Sciences,1,Male,Healthcare Representative,Married,No,36,26,Master's Degree,1,2,3,5347,10,2,3,2,0,2
1198,No,Travel_Rarely,35 - 44,R&D,Life Sciences,1,Male,Laboratory Technician,Married,No,40,1,Master's Degree,1,1,4,2406,8,2,1,0,0,0
1199,No,Travel_Rarely,35 - 44,R&D,Medical,1,Male,Healthcare Representative,Married,No,42,13,Bachelor's Degree,2,2,1,5538,10,2,0,0,0,0
1200,No,Travel_Rarely,35 - 44,R&D,Life Sciences,1,Male,Laboratory Technician,Married,No,35,28,Bachelor's Degree,2,2,3,3407,10,2,10,9,6,8
1201,No,Travel_Rarely,25 - 34,R&D,Life Sciences,1,Male,Manufacturing Director,Married,No,28,29,High School,3,2,2,6549,8,2,8,6,1,7
1202,No,Travel_Rarely,25 - 34,R&D,Life Sciences,1,Male,Research Scientist,Married,No,29,9,Bachelor's Degree,3,1,3,2451,5,2,1,0,0,0
1203,No,Travel_Rarely,35 - 44,R&D,Medical,1,Male,Manufacturing Director,Married,No,39,10,Doctoral Degree,2,2,1,5377,10,3,7,7,7,7
1204,No,Travel_Rarely,25 - 34,R&D,Medical,1,Male,Laboratory Technician,Married,No,33,21,Bachelor's Degree,2,1,2,2028,14,3,14,11,2,13
1205,No,Travel_Rarely,Over 55,R&D,Medical,1,Male,Research Director,Married,No,55,2,Bachelor's Degree,3,5,1,19038,34,3,1,0,0,0
1206,No,Travel_Rarely,35 - 44,R&D,Life Sciences,1,Male,Manufacturing Director,Married,No,37,19,Bachelor's Degree,3,2,3,5768,9,2,4,3,0,2
1207,No,Travel_Rarely,25 - 34,R&D,Medical,1,Male,Laboratory Technician,Married,No,26,17,Master's Degree,4,1,3,2305,3,4,3,2,0,2
1208,No,Travel_Rarely,35 - 44,R&D,Life Sciences,1,Male,Laboratory Technician,Single,No,36,4,Master's Degree,1,2,4,5810,10,2,10,4,1,8
1209,No,Travel_Rarely,35 - 44,R&D,Life Sciences,1,Male,Laboratory Technician,Single,No,36,7,Bachelor's Degree,1,1,2,2013,15,3,4,3,1,3
1210,No,Travel_Rarely,Under 25,R&D,Life Sciences,1,Male,Laboratory Technician,Single,No,23,20,High School,1,2,3,2272,5,3,4,3,1,2
1211,No,Travel_Rarely,25 - 34,R&D,Medical,1,Male,Research Scientist,Single,No,34,7,Master's Degree,1,1,4,2972,1,1,1,0,0,0
1212,No,Travel_Rarely,35 - 44,R&D,Life Sciences,1,Male,Research Scientist,Single,No,39,24,High School,1,2,4,4108,18,3,7,7,1,7
1213,No,Travel_Rarely,Under 25,R&D,Life Sciences,1,Male,Healthcare Representative,Single,No,24,1,Associates Degree,2,2,3,4617,4,2,4,3,1,2
1214,No,Travel_Rarely,35 - 44,R&D,Medical,1,Male,Research Scientist,Single,No,35,9,Master's Degree,2,2,3,5098,10,3,10,7,0,8
1215,No,Travel_Rarely,35 - 44,R&D,Life Sciences,1,Male,Healthcare Representative,Single,No,41,5,Bachelor's Degree,2,2,2,6870,11,1,3,2,1,2
1216,No,Travel_Rarely,35 - 44,R&D,Life Sciences,1,Male,Research Scientist,Single,No,40,2,Master's Degree,3,1,3,2809,8,3,2,2,2,2
1217,No,Travel_Rarely,25 - 34,R&D,Medical,1,Male,Laboratory Technician,Single,No,26,1,Bachelor's Degree,3,1,1,2867,8,2,7,7,7,6
1218,No,Travel_Rarely,45 - 54,R&D,Life Sciences,1,Male,Healthcare Representative,Single,No,46,13,Master's Degree,3,2,2,5562,19,3,10,7,0,9
1219,No,Travel_Rarely,45 - 54,R&D,Life Sciences,1,Male,Manager,Single,No,49,1,Bachelor's Degree,3,4,3,15379,23,3,8,7,0,0
1220,No,Travel_Rarely,Under 25,R&D,Medical,1,Male,Research Scientist,Single,No,21,5,High School,3,1,4,3117,3,3,2,2,2,2
1221,No,Travel_Rarely,25 - 34,R&D,Other,1,Male,Laboratory Technician,Single,No,26,7,Bachelor's Degree,3,1,1,3578,8,3,7,7,0,7
1222,No,Travel_Rarely,35 - 44,R&D,Medical,1,Male,Laboratory Technician,Single,No,35,1,Bachelor's Degree,4,1,1,2450,3,3,3,0,1,2
1223,No,Travel_Rarely,25 - 34,R&D,Life Sciences,1,Male,Manufacturing Director,Single,No,33,25,Bachelor's Degree,4,2,2,4320,5,3,5,3,0,2
1224,No,Travel_Rarely,25 - 34,R&D,Life Sciences,1,Male,Laboratory Technician,Single,No,29,7,Bachelor's Degree,4,1,1,2062,11,3,3,2,1,2
1225,No,Travel_Rarely,25 - 34,R&D,Technical Degree,1,Male,Research Scientist,Single,No,32,2,Bachelor's Degree,4,1,1,2439,4,3,4,2,1,2
1226,No,Travel_Rarely,35 - 44,R&D,Life Sciences,1,Male,Research Scientist,Single,No,44,20,Bachelor's Degree,4,1,2,3420,6,2,5,2,1,3
1227,No,Travel_Rarely,35 - 44,R&D,Life Sciences,1,Male,Laboratory Technician,Single,No,42,8,Bachelor's Degree,4,1,3,3968,8,3,0,0,0,0
1228,No,Travel_Rarely,Under 25,R&D,Life Sciences,1,Male,Research Scientist,Single,No,22,1,Associates Degree,4,1,3,3375,4,4,3,2,1,2
1229,No,Travel_Rarely,Under 25,R&D,Other,1,Male,Laboratory Technician,Single,No,23,12,Associates Degree,4,1,4,2647,5,4,5,2,1,4
1230,No,Travel_Rarely,45 - 54,R&D,Medical,1,Male,Research Director,Single,No,53,2,Bachelor's Degree,4,4,2,16598,35,2,9,8,8,8
1231,No,Travel_Rarely,25 - 34,Sales,Life Sciences,1,Male,Sales Executive,Divorced,No,31,8,Associates Degree,1,3,4,10793,13,3,13,7,9,9
1232,No,Travel_Rarely,25 - 34,Sales,Marketing,1,Male,Sales Executive,Divorced,No,30,15,Associates Degree,3,3,1,7140,12,3,7,7,1,7
1233,No,Travel_Rarely,35 - 44,Sales,Life Sciences,1,Male,Sales Executive,Divorced,No,41,3,Bachelor's Degree,3,2,2,8938,14,3,5,4,0,4
1234,No,Travel_Rarely,25 - 34,Sales,Medical,1,Male,Sales Executive,Divorced,No,34,13,Master's Degree,4,3,3,8628,9,2,8,7,1,1
1235,No,Travel_Rarely,25 - 34,Sales,Life Sciences,1,Male,Sales Executive,Divorced,No,29,19,Bachelor's Degree,3,2,3,8620,10,3,10,7,0,4
1236,No,Travel_Rarely,25 - 34,Sales,Medical,1,Male,Sales Executive,Divorced,No,33,2,Master's Degree,4,2,4,5505,6,3,6,2,0,4
1237,No,Travel_Rarely,45 - 54,Sales,Marketing,1,Male,Sales Executive,Divorced,No,48,7,Bachelor's Degree,3,2,1,5486,15,3,2,2,2,2
1238,No,Travel_Rarely,35 - 44,Sales,Medical,1,Male,Sales Executive,Married,No,40,9,Associates Degree,1,2,1,5473,9,4,8,4,7,1
1239,No,Travel_Rarely,25 - 34,Sales,Life Sciences,1,Male,Sales Executive,Married,No,33,8,Master's Degree,1,2,1,6392,8,1,2,2,2,2
1240,No,Travel_Rarely,25 - 34,Sales,Life Sciences,1,Male,Sales Representative,Married,No,31,2,Associates Degree,1,1,3,3067,3,3,2,2,1,2
1241,No,Travel_Rarely,25 - 34,Sales,Technical Degree,1,Male,Sales Executive,Married,No,31,5,Bachelor's Degree,1,2,3,8346,6,3,5,2,0,2
1242,No,Travel_Rarely,25 - 34,Sales,Medical,1,Male,Sales Representative,Married,No,32,1,Master's Degree,2,1,2,2269,3,3,2,2,2,2
1243,No,Travel_Rarely,35 - 44,Sales,Medical,1,Male,Sales Executive,Married,No,35,18,Master's Degree,2,2,1,5561,6,1,5,3,0,4
1244,No,Travel_Rarely,25 - 34,Sales,Technical Degree,1,Male,Sales Executive,Married,No,30,29,Master's Degree,3,3,2,9250,9,3,4,2,1,3
1245,No,Travel_Rarely,35 - 44,Sales,Life Sciences,1,Male,Sales Executive,Married,No,38,14,Bachelor's Degree,3,2,2,9924,10,3,9,8,7,7
1246,No,Travel_Rarely,25 - 34,Sales,Life Sciences,1,Male,Sales Executive,Married,No,32,19,Bachelor's Degree,4,3,3,9610,10,1,4,3,0,2
1247,No,Travel_Rarely,35 - 44,Sales,Life Sciences,1,Male,Sales Representative,Married,No,35,7,High School,4,1,3,2404,1,3,1,0,0,0
1248,No,Travel_Rarely,25 - 34,Sales,Marketing,1,Male,Sales Executive,Married,No,32,7,Doctoral Degree,4,2,4,9204,7,2,4,3,0,3
1249,No,Travel_Rarely,35 - 44,Sales,Medical,1,Male,Sales Executive,Married,No,39,6,Bachelor's Degree,4,3,3,8237,11,3,7,6,7,6
1250,No,Travel_Rarely,35 - 44,Sales,Marketing,1,Male,Sales Executive,Married,No,37,9,Associates Degree,2,2,2,4189,5,3,5,2,0,3
1251,No,Travel_Rarely,35 - 44,Sales,Marketing,1,Male,Sales Executive,Married,No,36,17,Associates Degree,3,2,2,5507,12,1,4,2,1,3
1252,No,Travel_Rarely,35 - 44,Sales,Life Sciences,1,Male,Sales Executive,Married,No,38,1,Master's Degree,4,2,2,4440,16,3,15,13,5,8
1253,No,Travel_Rarely,25 - 34,Sales,Life Sciences,1,Male,Sales Executive,Married,No,30,16,High School,4,2,3,5301,4,2,2,1,2,2
1254,No,Travel_Rarely,35 - 44,Sales,Life Sciences,1,Male,Sales Representative,Single,No,38,1,Bachelor's Degree,1,1,1,2858,20,2,1,0,0,0
1255,No,Travel_Rarely,35 - 44,Sales,Marketing,1,Male,Sales Executive,Single,No,39,15,Master's Degree,2,4,1,13341,21,3,20,8,11,10
1256,No,Travel_Rarely,35 - 44,Sales,Medical,1,Male,Manager,Single,No,40,7,Master's Degree,2,5,2,19833,21,2,21,8,12,8
1257,No,Travel_Rarely,25 - 34,Sales,Marketing,1,Male,Sales Executive,Single,No,33,10,Master's Degree,2,2,3,5487,10,2,10,4,0,9
1258,No,Travel_Rarely,25 - 34,Sales,Medical,1,Male,Sales Executive,Single,No,29,10,Bachelor's Degree,3,2,3,5869,8,3,5,2,1,4
1259,No,Travel_Rarely,25 - 34,Sales,Medical,1,Male,Sales Executive,Single,No,26,10,Bachelor's Degree,3,2,4,4684,5,3,5,3,1,2
1260,No,Travel_Rarely,25 - 34,Sales,Other,1,Male,Sales Executive,Single,No,34,3,Bachelor's Degree,4,2,1,4759,15,3,13,9,3,12
1261,No,Travel_Rarely,Under 25,Sales,Life Sciences,1,Male,Sales Representative,Single,No,20,9,High School,4,1,1,2728,2,3,2,2,0,2
1262,No,Travel_Rarely,25 - 34,Sales,Medical,1,Male,Sales Executive,Single,No,28,5,Bachelor's Degree,4,2,1,8463,6,3,5,4,1,3
1263,No,Travel_Rarely,35 - 44,Sales,Marketing,1,Male,Sales Executive,Single,No,41,6,Bachelor's Degree,4,3,3,9241,10,3,10,8,8,7
1264,No,Travel_Rarely,25 - 34,Sales,Marketing,1,Male,Sales Executive,Single,No,27,9,Bachelor's Degree,4,2,4,4105,7,3,7,7,0,7
1265,No,Travel_Rarely,45 - 54,Sales,Life Sciences,1,Male,Manager,Single,No,46,1,Master's Degree,4,4,1,17567,27,1,26,0,0,12
1266,No,Non-Travel,Under 25,R&D,Other,1,Female,Research Scientist,Married,Yes,22,26,Associates Degree,2,1,3,2814,4,2,4,2,1,3
1267,No,Travel_Frequently,35 - 44,R&D,Medical,1,Female,Research Scientist,Divorced,Yes,38,8,Bachelor's Degree,4,2,2,2133,20,3,20,11,0,7
1268,No,Travel_Frequently,Under 25,R&D,Technical Degree,1,Female,Research Scientist,Single,Yes,24,2,High School,1,1,4,3760,6,3,6,3,1,3
1269,No,Travel_Frequently,25 - 34,R&D,Life Sciences,1,Female,Laboratory Technician,Single,Yes,27,5,Associates Degree,4,1,4,2379,6,2,5,4,0,2
1270,No,Travel_Rarely,35 - 44,HR,Life Sciences,1,Female,Human Resources,Divorced,Yes,44,1,Bachelor's Degree,3,1,4,3195,8,3,2,2,2,2
1271,No,Travel_Rarely,35 - 44,HR,Life Sciences,1,Female,Human Resources,Single,Yes,35,26,Master's Degree,3,3,4,8837,9,3,9,0,1,7
1272,No,Travel_Rarely,35 - 44,R&D,Medical,1,Female,Research Director,Divorced,Yes,44,7,Bachelor's Degree,2,5,4,19049,23,2,22,7,1,10
1273,No,Travel_Rarely,45 - 54,R&D,Life Sciences,1,Female,Manufacturing Director,Divorced,Yes,47,4,Bachelor's Degree,3,3,2,10333,28,3,22,11,14,10
1274,No,Travel_Rarely,45 - 54,R&D,Medical,1,Female,Laboratory Technician,Divorced,Yes,49,16,Bachelor's Degree,4,1,1,2587,17,2,2,2,2,2
1275,No,Travel_Rarely,25 - 34,R&D,Medical,1,Female,Laboratory Technician,Divorced,Yes,31,2,High School,4,1,4,1129,1,3,1,0,0,0
1276,No,Travel_Rarely,35 - 44,R&D,Other,1,Female,Manufacturing Director,Married,Yes,35,16,Associates Degree,4,2,2,4788,4,3,3,2,0,2
1277,No,Travel_Rarely,25 - 34,R&D,Life Sciences,1,Female,Research Scientist,Married,Yes,26,1,Associates Degree,2,1,3,2933,1,2,1,0,1,0
1278,No,Travel_Rarely,35 - 44,R&D,Life Sciences,1,Female,Manufacturing Director,Married,Yes,40,8,Associates Degree,2,2,1,6516,18,3,1,0,0,0
1279,No,Travel_Rarely,25 - 34,R&D,Medical,1,Female,Healthcare Representative,Married,Yes,33,15,Associates Degree,2,2,4,4878,10,3,9,7,8,1
1280,No,Travel_Rarely,45 - 54,R&D,Life Sciences,1,Female,Healthcare Representative,Married,Yes,49,6,High School,3,4,3,13966,30,3,15,11,2,12
1281,No,Travel_Rarely,35 - 44,R&D,Life Sciences,1,Female,Healthcare Representative,Married,Yes,44,2,Bachelor's Degree,3,3,4,7879,9,3,8,7,6,7
1282,No,Travel_Rarely,35 - 44,R&D,Medical,1,Female,Manufacturing Director,Married,Yes,38,2,Associates Degree,4,3,3,7756,10,4,5,4,0,2
1283,No,Travel_Rarely,35 - 44,R&D,Life Sciences,1,Female,Manufacturing Director,Married,Yes,36,12,Master's Degree,3,2,3,4663,7,3,3,2,1,1
1284,No,Travel_Rarely,35 - 44,R&D,Medical,1,Female,Healthcare Representative,Single,Yes,35,10,Master's Degree,1,2,3,6142,10,3,5,2,0,4
1285,No,Travel_Rarely,45 - 54,R&D,Medical,1,Female,Laboratory Technician,Single,Yes,45,5,Doctoral Degree,3,2,1,5769,10,3,10,7,1,4
1286,No,Travel_Rarely,45 - 54,R&D,Medical,1,Female,Manufacturing Director,Single,Yes,54,10,Bachelor's Degree,3,2,1,4440,9,3,5,2,1,4
1287,No,Travel_Rarely,35 - 44,R&D,Life Sciences,1,Female,Manufacturing Director,Single,Yes,40,16,Bachelor's Degree,3,3,4,7945,18,2,4,2,3,3
1288,No,Travel_Rarely,35 - 44,Sales,Marketing,1,Female,Sales Executive,Divorced,Yes,41,4,High School,3,3,3,10447,23,4,22,14,13,5
1289,No,Travel_Rarely,25 - 34,Sales,Medical,1,Female,Sales Executive,Divorced,Yes,31,10,Associates Degree,3,2,4,6583,8,3,5,2,1,4
1290,No,Travel_Rarely,35 - 44,Sales,Life Sciences,1,Female,Sales Executive,Married,Yes,35,7,Master's Degree,3,2,4,5204,10,3,10,8,0,9
1291,No,Travel_Rarely,25 - 34,Sales,Medical,1,Female,Sales Executive,Married,Yes,34,3,High School,4,2,4,8103,9,2,4,2,0,1
1292,No,Travel_Rarely,35 - 44,Sales,Technical Degree,1,Female,Sales Executive,Married,Yes,36,10,Master's Degree,2,2,3,5673,10,3,10,9,1,7
1293,No,Travel_Rarely,45 - 54,Sales,Medical,1,Female,Sales Executive,Married,Yes,47,14,Bachelor's Degree,3,2,3,4591,11,2,5,4,1,2
1294,No,Travel_Rarely,Over 55,Sales,Life Sciences,1,Female,Manager,Married,Yes,58,21,Bachelor's Degree,4,4,4,17875,29,2,1,0,0,0
1295,No,Travel_Rarely,Under 25,Sales,Medical,1,Female,Sales Executive,Married,Yes,24,4,High School,4,2,3,4162,5,3,5,4,0,3
1296,No,Travel_Rarely,35 - 44,Sales,Marketing,1,Female,Sales Executive,Single,Yes,36,3,Master's Degree,1,2,2,9278,15,3,5,4,0,1
1297,No,Non-Travel,35 - 44,R&D,Life Sciences,1,Male,Healthcare Representative,Divorced,Yes,40,8,Associates Degree,4,2,4,4069,8,3,2,2,2,2
1298,No,Non-Travel,25 - 34,R&D,Medical,1,Male,Research Scientist,Divorced,Yes,31,3,Associates Degree,3,1,1,3065,4,4,4,2,2,3
1299,No,Non-Travel,35 - 44,R&D,Life Sciences,1,Male,Laboratory Technician,Married,Yes,39,1,Bachelor's Degree,4,2,4,6472,9,3,9,8,5,8
1300,No,Non-Travel,25 - 34,Sales,Life Sciences,1,Male,Sales Executive,Divorced,Yes,34,10,Bachelor's Degree,4,2,3,4001,15,3,15,14,0,7
1301,No,Travel_Frequently,35 - 44,HR,Human Resources,1,Male,Human Resources,Married,Yes,44,1,Doctoral Degree,1,2,4,5743,14,3,10,7,0,2
1302,No,Travel_Frequently,35 - 44,HR,Other,1,Male,Human Resources,Married,Yes,38,1,Master's Degree,4,1,2,2991,7,3,6,2,1,2
1303,No,Travel_Frequently,Over 55,R&D,Life Sciences,1,Male,Research Director,Married,Yes,58,15,Master's Degree,1,4,3,15787,23,3,2,2,2,2
1304,No,Travel_Frequently,25 - 34,R&D,Other,1,Male,Research Scientist,Married,Yes,34,22,Master's Degree,3,2,4,5747,16,3,15,10,6,11
1305,No,Travel_Frequently,35 - 44,R&D,Life Sciences,1,Male,Laboratory Technician,Married,Yes,36,6,Master's Degree,1,2,1,5562,9,3,3,2,0,2
1306,No,Travel_Frequently,45 - 54,R&D,Medical,1,Male,Healthcare Representative,Married,Yes,50,20,Doctoral Degree,2,4,3,11245,32,3,30,8,12,13
1307,No,Travel_Frequently,35 - 44,R&D,Life Sciences,1,Male,Healthcare Representative,Married,Yes,42,2,Bachelor's Degree,4,3,4,10124,24,1,20,8,13,9
1308,No,Travel_Frequently,35 - 44,R&D,Life Sciences,1,Male,Healthcare Representative,Married,Yes,35,18,Master's Degree,3,2,3,5689,10,4,10,2,0,2
1309,No,Travel_Frequently,35 - 44,R&D,Medical,1,Male,Research Scientist,Single,Yes,35,2,Master's Degree,1,1,4,4930,6,4,5,4,1,4
1310,No,Travel_Frequently,35 - 44,R&D,Medical,1,Male,Manufacturing Director,Single,Yes,44,2,High School,2,3,3,10209,16,2,2,2,2,2
1311,No,Travel_Frequently,45 - 54,R&D,Medical,1,Male,Research Director,Single,Yes,50,22,Doctoral Degree,3,4,4,14411,32,3,32,6,13,9
1312,No,Travel_Frequently,25 - 34,R&D,Life Sciences,1,Male,Healthcare Representative,Single,Yes,29,1,Bachelor's Degree,4,2,3,6294,10,4,3,2,0,2
1313,No,Travel_Frequently,25 - 34,Sales,Life Sciences,1,Male,Sales Executive,Married,Yes,28,1,Associates Degree,3,2,4,6834,7,3,7,7,0,7
1314,No,Travel_Rarely,Over 55,HR,Human Resources,1,Male,Manager,Married,Yes,55,26,Master's Degree,3,5,2,19636,35,3,10,9,1,4
1315,No,Travel_Rarely,45 - 54,R&D,Medical,1,Male,Healthcare Representative,Divorced,Yes,45,20,Bachelor's Degree,2,3,1,10851,24,3,7,7,0,7
1316,No,Travel_Rarely,45 - 54,R&D,Medical,1,Male,Research Director,Divorced,Yes,46,2,Master's Degree,3,5,4,19328,24,3,2,1,2,2
1317,No,Travel_Rarely,35 - 44,R&D,Life Sciences,1,Male,Research Scientist,Divorced,Yes,42,18,Master's Degree,4,2,1,5410,9,2,4,3,1,2
1318,No,Travel_Rarely,25 - 34,R&D,Other,1,Male,Laboratory Technician,Divorced,Yes,25,2,High School,4,1,3,3977,7,2,2,2,0,2
1319,No,Travel_Rarely,35 - 44,R&D,Medical,1,Male,Research Scientist,Married,Yes,41,5,Doctoral Degree,2,1,3,2127,7,2,4,2,0,3
1320,No,Travel_Rarely,Over 55,R&D,Life Sciences,1,Male,Healthcare Representative,Married,Yes,55,4,Master's Degree,4,2,3,4035,4,3,3,2,1,2
1321,No,Travel_Rarely,35 - 44,R&D,Medical,1,Male,Healthcare Representative,Married,Yes,38,18,Bachelor's Degree,2,2,4,5811,15,3,1,0,1,0
1322,No,Travel_Rarely,25 - 34,R&D,Life Sciences,1,Male,Laboratory Technician,Married,Yes,33,28,Master's Degree,2,2,3,5207,15,3,15,14,5,7
1323,No,Travel_Rarely,25 - 34,R&D,Other,1,Male,Laboratory Technician,Married,Yes,29,13,Associates Degree,4,2,2,4025,10,3,4,3,0,3
1324,No,Travel_Rarely,35 - 44,R&D,Life Sciences,1,Male,Healthcare Representative,Married,Yes,36,10,Bachelor's Degree,4,3,1,8321,15,3,12,8,5,7
1325,No,Travel_Rarely,35 - 44,R&D,Medical,1,Male,Laboratory Technician,Married,Yes,35,11,Master's Degree,4,1,3,2660,5,3,2,2,2,2
1326,No,Travel_Rarely,45 - 54,R&D,Technical Degree,1,Male,Manufacturing Director,Married,Yes,45,29,Bachelor's Degree,2,3,4,9380,10,4,3,1,1,2
1327,No,Travel_Rarely,25 - 34,R&D,Medical,1,Male,Research Scientist,Married,Yes,34,2,Master's Degree,4,1,4,2932,6,3,5,0,1,2
1328,No,Travel_Rarely,25 - 34,R&D,Medical,1,Male,Laboratory Technician,Single,Yes,29,3,High School,2,1,1,4723,10,3,10,9,1,5
1329,No,Travel_Rarely,35 - 44,R&D,Medical,1,Male,Research Scientist,Single,Yes,44,1,Bachelor's Degree,2,1,4,2436,6,3,4,3,1,2
1330,No,Travel_Rarely,25 - 34,R&D,Life Sciences,1,Male,Healthcare Representative,Single,Yes,33,8,Doctoral Degree,4,2,3,6388,14,3,0,0,0,0
1331,No,Travel_Rarely,25 - 34,Sales,Medical,1,Male,Sales Executive,Divorced,Yes,29,5,Bachelor's Degree,1,2,2,4187,10,2,10,0,0,9
1332,No,Travel_Rarely,45 - 54,Sales,Life Sciences,1,Male,Sales Executive,Divorced,Yes,46,2,Bachelor's Degree,3,3,4,10368,13,2,10,6,0,3
1333,No,Travel_Rarely,35 - 44,Sales,Marketing,1,Male,Sales Executive,Divorced,Yes,42,12,Master's Degree,2,2,4,5087,14,3,0,0,0,0
1334,No,Travel_Rarely,25 - 34,Sales,Technical Degree,1,Male,Sales Executive,Married,Yes,34,1,Bachelor's Degree,4,3,3,7083,10,3,10,9,8,6
1335,No,Travel_Rarely,45 - 54,Sales,Marketing,1,Male,Manager,Married,Yes,50,9,Bachelor's Degree,3,5,3,19331,27,3,1,0,0,0
1336,No,Travel_Rarely,35 - 44,Sales,Medical,1,Male,Sales Executive,Married,Yes,43,2,Bachelor's Degree,4,2,4,7847,10,3,10,9,8,8
1337,No,Travel_Rarely,25 - 34,Sales,Life Sciences,1,Male,Sales Executive,Married,Yes,34,4,Bachelor's Degree,3,3,4,9713,9,3,5,3,1,0
1338,No,Travel_Rarely,Under 25,Sales,Medical,1,Male,Sales Representative,Single,Yes,21,5,High School,3,1,1,2380,2,3,2,2,1,2
1339,No,Travel_Rarely,35 - 44,Sales,Life Sciences,1,Male,Sales Executive,Single,Yes,41,23,Associates Degree,4,3,3,7082,21,3,2,0,0,2
1340,No,Non-Travel,25 - 34,R&D,Medical,1,Female,Research Director,Married,No,31,10,Bachelor's Degree,3,3,3,11031,13,4,11,7,4,8
1341,No,Non-Travel,45 - 54,Sales,Life Sciences,1,Female,Sales Executive,Married,No,45,2,Master's Degree,3,2,3,5154,10,4,8,7,5,7
1342,No,Travel_Frequently,45 - 54,R&D,Medical,1,Female,Manager,Divorced,No,54,11,Master's Degree,2,4,4,16032,26,3,14,9,1,12
1343,No,Travel_Frequently,35 - 44,R&D,Medical,1,Female,Laboratory Technician,Single,No,38,2,Bachelor's Degree,4,1,2,2440,4,3,4,3,3,3
1344,No,Travel_Frequently,25 - 34,R&D,Technical Degree,1,Female,Manufacturing Director,Single,No,31,24,High School,4,2,4,5238,9,2,5,4,1,4
1345,No,Travel_Rarely,45 - 54,HR,Life Sciences,1,Female,Human Resources,Married,No,45,4,Bachelor's Degree,3,3,3,9756,9,4,5,0,0,3
1346,No,Travel_Rarely,25 - 34,R&D,Medical,1,Female,Manufacturing Director,Divorced,No,28,27,Bachelor's Degree,2,2,1,4877,6,2,5,3,0,0
1347,No,Travel_Rarely,25 - 34,R&D,Life Sciences,1,Female,Research Scientist,Married,No,26,3,Bachelor's Degree,1,1,4,2061,1,3,1,0,0,0
1348,No,Travel_Rarely,35 - 44,R&D,Life Sciences,1,Female,Manufacturing Director,Married,No,41,28,Master's Degree,1,4,2,13570,21,3,20,7,0,10
1349,No,Travel_Rarely,Over 55,R&D,Life Sciences,1,Female,Research Scientist,Married,No,56,1,Associates Degree,1,1,1,2066,5,4,3,2,1,0
1350,No,Travel_Rarely,45 - 54,R&D,Medical,1,Female,Manager,Married,No,54,22,Doctoral Degree,2,4,3,17426,36,3,10,8,4,7
1351,No,Travel_Rarely,45 - 54,R&D,Medical,1,Female,Laboratory Technician,Married,No,49,3,Associates Degree,3,2,1,4789,10,3,3,2,1,2
1352,No,Travel_Rarely,25 - 34,R&D,Medical,1,Female,Research Scientist,Married,No,28,1,Bachelor's Degree,3,1,1,3591,3,3,3,2,1,2
1353,No,Travel_Rarely,25 - 34,Sales,Medical,1,Female,Sales Representative,Married,No,27,23,High School,2,2,3,3540,9,3,9,8,5,8
1354,No,Travel_Rarely,35 - 44,Sales,Marketing,1,Female,Sales Executive,Married,No,41,8,Bachelor's Degree,3,2,2,4393,14,3,5,4,1,4
1355,No,Travel_Rarely,35 - 44,Sales,Life Sciences,1,Female,Sales Representative,Married,No,35,28,Master's Degree,2,1,3,2430,6,3,5,3,4,2
1356,No,Travel_Rarely,25 - 34,Sales,Marketing,1,Female,Sales Executive,Married,No,34,28,Bachelor's Degree,4,2,3,6712,8,3,8,7,1,7
1357,No,Non-Travel,Over 55,R&D,Life Sciences,1,Male,Healthcare Representative,Divorced,No,56,1,Master's Degree,3,2,3,6306,13,2,13,12,1,9
1358,No,Non-Travel,35 - 44,R&D,Life Sciences,1,Male,Laboratory Technician,Married,No,36,9,Master's Degree,1,1,2,2810,5,3,5,4,0,2
1359,No,Non-Travel,45 - 54,R&D,Life Sciences,1,Male,Healthcare Representative,Married,No,45,1,High School,3,3,3,10748,25,2,23,15,14,4
1360,No,Non-Travel,35 - 44,R&D,Technical Degree,1,Male,Research Scientist,Married,No,42,10,Master's Degree,3,1,3,2936,10,2,6,3,3,3
1361,No,Non-Travel,25 - 34,R&D,Medical,1,Male,Laboratory Technician,Single,No,26,7,Bachelor's Degree,4,1,4,2570,7,3,7,7,5,7
1362,No,Non-Travel,Over 55,Sales,Medical,1,Male,Manager,Divorced,No,58,2,Bachelor's Degree,2,4,2,16291,37,2,16,9,14,14
1363,No,Non-Travel,35 - 44,Sales,Marketing,1,Male,Sales Executive,Divorced,No,36,15,Master's Degree,4,2,4,5406,15,2,15,12,11,11
1364,No,Travel_Frequently,35 - 44,HR,Human Resources,1,Male,Human Resources,Single,No,36,2,High School,2,2,4,3886,10,2,10,1,0,8
1365,No,Travel_Frequently,25 - 34,R&D,Life Sciences,1,Male,Healthcare Representative,Divorced,No,33,7,Associates Degree,4,2,3,5968,9,3,9,7,2,8
1366,No,Travel_Frequently,25 - 34,R&D,Life Sciences,1,Male,Research Scientist,Married,No,31,1,Bachelor's Degree,4,2,1,5003,10,3,10,8,8,7
1367,No,Travel_Frequently,45 - 54,R&D,Medical,1,Male,Manager,Married,No,48,4,Doctoral Degree,3,4,4,15202,23,3,2,2,2,2
1368,No,Travel_Frequently,35 - 44,Sales,Life Sciences,1,Male,Sales Executive,Married,No,43,2,Master's Degree,1,2,4,5675,7,3,7,7,7,7
1369,No,Travel_Rarely,25 - 34,HR,Life Sciences,1,Male,Human Resources,Divorced,No,30,1,Bachelor's Degree,3,1,3,2064,6,4,5,3,1,3
1370,No,Travel_Rarely,Over 55,R&D,Medical,1,Male,Healthcare Representative,Divorced,No,60,1,Master's Degree,3,3,4,10883,19,4,1,0,0,0
1371,No,Travel_Rarely,35 - 44,R&D,Life Sciences,1,Male,Healthcare Representative,Divorced,No,36,3,Associates Degree,4,2,1,6842,13,3,5,4,0,4
1372,No,Travel_Rarely,35 - 44,R&D,Life Sciences,1,Male,Laboratory Technician,Divorced,No,41,9,Master's Degree,3,1,1,2289,5,3,5,3,0,4
1373,No,Travel_Rarely,35 - 44,R&D,Medical,1,Male,Laboratory Technician,Divorced,No,42,12,Bachelor's Degree,2,1,2,2766,7,2,5,3,0,4
1374,No,Travel_Rarely,35 - 44,R&D,Medical,1,Male,Manufacturing Director,Married,No,39,12,Bachelor's Degree,4,2,2,5295,7,3,5,4,1,0
1375,No,Travel_Rarely,35 - 44,R&D,Medical,1,Male,Manufacturing Director,Married,No,39,9,Associates Degree,1,2,1,5151,10,3,10,0,7,9
1376,No,Travel_Rarely,Over 55,R&D,Technical Degree,1,Male,Research Scientist,Married,No,55,2,Master's Degree,2,1,4,2662,19,4,5,2,0,4
1377,No,Travel_Rarely,Over 55,R&D,Life Sciences,1,Male,Research Scientist,Married,No,57,1,Associates Degree,2,2,3,4900,13,2,12,9,2,8
1378,No,Travel_Rarely,35 - 44,R&D,Life Sciences,1,Male,Research Director,Married,No,43,15,Associates Degree,3,4,3,17603,14,3,14,10,6,11
1379,No,Travel_Rarely,35 - 44,R&D,Life Sciences,1,Male,Research Scientist,Married,No,41,1,Bachelor's Degree,4,1,4,2782,12,3,5,3,1,0
1380,No,Travel_Rarely,45 - 54,R&D,Technical Degree,1,Male,Research Scientist,Married,No,45,28,Bachelor's Degree,4,1,4,2132,8,3,5,4,0,3
1381,No,Travel_Rarely,45 - 54,R&D,Medical,1,Male,Healthcare Representative,Single,No,47,25,Bachelor's Degree,1,3,3,8633,25,3,17,14,12,11
1382,No,Travel_Rarely,35 - 44,R&D,Medical,1,Male,Research Director,Single,No,39,10,High School,3,3,3,13464,9,3,4,3,2,2
1383,No,Travel_Rarely,25 - 34,R&D,Medical,1,Male,Manager,Single,No,32,10,Bachelor's Degree,3,3,4,11244,10,4,5,2,0,0
1384,No,Travel_Rarely,25 - 34,R&D,Life Sciences,1,Male,Manufacturing Director,Single,No,32,5,Master's Degree,4,2,4,9679,8,3,1,0,0,0
1385,No,Travel_Rarely,35 - 44,R&D,Other,1,Male,Manager,Single,No,42,9,Associates Degree,4,5,4,19613,24,3,1,0,0,1
1386,No,Travel_Rarely,Over 55,Sales,Marketing,1,Male,Manager,Married,No,55,26,Doctoral Degree,3,5,4,19586,36,3,36,6,2,13
1387,No,Travel_Rarely,25 - 34,Sales,Technical Degree,1,Male,Sales Executive,Married,No,34,8,Associates Degree,2,2,3,6799,10,3,10,8,4,8
1388,No,Travel_Rarely,25 - 34,Sales,Marketing,1,Male,Sales Executive,Single,No,34,1,Bachelor's Degree,1,3,4,9888,14,2,14,8,2,1
1389,No,Non-Travel,45 - 54,R&D,Medical,1,Female,Manufacturing Director,Married,Yes,53,1,Master's Degree,1,4,3,12965,27,2,3,2,0,2
1390,No,Non-Travel,25 - 34,Sales,Life Sciences,1,Female,Sales Executive,Divorced,Yes,33,16,Bachelor's Degree,3,2,4,5368,7,3,6,5,1,2
1391,No,Travel_Rarely,35 - 44,R&D,Life Sciences,1,Female,Research Director,Married,Yes,37,10,Bachelor's Degree,3,3,4,13744,16,3,16,11,6,8
1392,No,Travel_Rarely,Over 55,R&D,Medical,1,Female,Research Director,Married,Yes,58,1,Bachelor's Degree,4,5,1,19701,32,3,9,8,1,5
1393,No,Travel_Rarely,35 - 44,R&D,Other,1,Female,Research Scientist,Married,Yes,36,2,Master's Degree,4,2,2,6962,15,3,1,0,0,0
1394,No,Travel_Rarely,25 - 34,Sales,Other,1,Female,Sales Executive,Divorced,Yes,25,8,Associates Degree,1,2,3,4907,6,2,5,3,0,4
1395,No,Travel_Rarely,35 - 44,Sales,Marketing,1,Female,Sales Representative,Married,Yes,38,2,Master's Degree,2,2,4,5405,20,2,4,2,0,3
1396,No,Travel_Rarely,35 - 44,HR,Medical,1,Male,Manager,Single,Yes,40,6,Associates Degree,3,4,4,16437,21,3,21,7,7,7
1397,No,Travel_Rarely,25 - 34,R&D,Life Sciences,1,Male,Manufacturing Director,Married,Yes,27,4,Bachelor's Degree,2,2,2,6142,6,3,6,2,0,3
1398,No,Travel_Rarely,35 - 44,R&D,Medical,1,Male,Research Scientist,Married,Yes,37,7,Master's Degree,4,2,1,4284,16,3,5,3,0,4
1399,No,Travel_Rarely,25 - 34,Sales,Technical Degree,1,Male,Sales Representative,Married,Yes,34,7,Associates Degree,2,1,3,2308,12,3,11,10,5,7
1400,No,Travel_Rarely,35 - 44,Sales,Life Sciences,1,Male,Sales Representative,Single,Yes,36,2,Master's Degree,3,1,4,2644,7,2,3,2,1,2
1401,Yes,Travel_Frequently,25 - 34,HR,Human Resources,1,Female,Human Resources,Divorced,No,30,8,Bachelor's Degree,3,1,4,2180,6,2,4,2,1,2
1402,Yes,Travel_Frequently,25 - 34,HR,Human Resources,1,Female,Human Resources,Married,No,27,22,Bachelor's Degree,1,1,2,2863,1,3,1,0,0,0
1403,Yes,Travel_Frequently,25 - 34,R&D,Life Sciences,1,Female,Manufacturing Director,Single,No,31,1,Doctoral Degree,3,3,2,7446,10,3,10,8,4,7
1404,Yes,Travel_Frequently,25 - 34,R&D,Life Sciences,1,Female,Research Scientist,Single,No,31,3,Bachelor's Degree,4,1,3,4084,7,1,7,2,7,7
1405,Yes,Travel_Frequently,25 - 34,Sales,Technical Degree,1,Female,Sales Executive,Single,No,29,13,Bachelor's Degree,1,2,2,5765,7,1,5,3,0,0
1406,Yes,Travel_Frequently,25 - 34,Sales,Life Sciences,1,Female,Sales Representative,Single,No,31,1,Master's Degree,2,1,3,1359,1,3,1,0,0,0
1407,Yes,Travel_Rarely,25 - 34,HR,Technical Degree,1,Female,Human Resources,Married,No,34,9,Master's Degree,1,1,3,2742,2,3,2,2,2,2
1408,Yes,Travel_Rarely,45 - 54,R&D,Technical Degree,1,Female,Manufacturing Director,Married,No,53,2,Doctoral Degree,3,3,4,10169,34,3,33,7,1,9
1409,Yes,Travel_Rarely,25 - 34,R&D,Life Sciences,1,Female,Research Scientist,Single,No,31,8,Bachelor's Degree,1,1,2,1261,1,4,1,0,0,0
1410,Yes,Travel_Rarely,25 - 34,Sales,Marketing,1,Female,Sales Representative,Single,No,29,9,Bachelor's Degree,2,1,2,2760,2,3,2,2,2,2
1411,Yes,Travel_Frequently,25 - 34,R&D,Life Sciences,1,Male,Laboratory Technician,Married,No,34,9,Master's Degree,4,2,1,5346,11,2,7,1,0,7
1412,Yes,Travel_Frequently,25 - 34,R&D,Medical,1,Male,Laboratory Technician,Single,No,28,2,Associates Degree,3,1,1,2561,8,2,0,0,0,0
1413,Yes,Travel_Frequently,45 - 54,Sales,Life Sciences,1,Male,Sales Executive,Divorced,No,50,1,Master's Degree,2,2,3,6728,12,3,6,3,0,1
1414,Yes,Travel_Frequently,45 - 54,Sales,Life Sciences,1,Male,Sales Executive,Married,No,47,9,Bachelor's Degree,3,4,3,12936,25,1,23,5,14,10
1415,Yes,Travel_Frequently,25 - 34,Sales,Technical Degree,1,Male,Sales Representative,Married,No,28,1,Bachelor's Degree,1,1,3,2909,5,4,3,2,1,2
1416,Yes,Travel_Frequently,Under 25,Sales,Marketing,1,Male,Sales Representative,Married,No,23,9,Bachelor's Degree,4,1,1,1790,1,2,1,0,1,0
1417,Yes,Travel_Frequently,25 - 34,Sales,Technical Degree,1,Male,Sales Representative,Single,No,29,24,Bachelor's Degree,3,1,1,1091,1,3,1,0,0,0
1418,Yes,Travel_Rarely,25 - 34,HR,Human Resources,1,Male,Human Resources,Married,No,31,18,Doctoral Degree,4,1,1,2956,2,3,1,0,0,0
1419,Yes,Travel_Rarely,Under 25,HR,Human Resources,1,Male,Human Resources,Married,No,24,22,High School,4,1,3,1555,1,3,1,0,0,0
1420,Yes,Travel_Rarely,25 - 34,R&D,Technical Degree,1,Male,Laboratory Technician,Divorced,No,28,17,Bachelor's Degree,3,1,4,2367,6,2,4,1,0,3
1421,Yes,Travel_Rarely,Over 55,R&D,Technical Degree,1,Male,Laboratory Technician,Married,No,56,7,Associates Degree,4,1,3,2339,14,1,10,9,9,8
1422,Yes,Travel_Rarely,35 - 44,R&D,Medical,1,Male,Manufacturing Director,Married,No,38,2,Bachelor's Degree,3,2,2,4855,7,3,5,2,1,4
1423,Yes,Travel_Rarely,25 - 34,R&D,Technical Degree,1,Male,Research Scientist,Single,No,29,1,Master's Degree,1,1,1,2362,11,1,9,7,0,7
1424,Yes,Travel_Rarely,Over 55,R&D,Life Sciences,1,Male,Laboratory Technician,Single,No,56,24,Associates Degree,1,1,4,2587,5,3,4,2,1,0
1425,Yes,Travel_Rarely,35 - 44,R&D,Life Sciences,1,Male,Laboratory Technician,Single,No,40,9,Master's Degree,4,1,1,2018,15,1,5,4,1,0
1426,Yes,Travel_Rarely,35 - 44,R&D,Medical,1,Male,Manufacturing Director,Single,No,37,10,Master's Degree,4,2,1,4213,10,1,10,3,0,8
1427,Yes,Travel_Rarely,25 - 34,R&D,Life Sciences,1,Male,Laboratory Technician,Single,No,32,2,Master's Degree,4,1,2,1393,1,3,1,0,0,0
1428,Yes,Travel_Rarely,45 - 54,Sales,Marketing,1,Male,Sales Executive,Divorced,No,46,9,Bachelor's Degree,1,3,4,10096,28,4,7,7,4,3
1429,Yes,Travel_Rarely,25 - 34,Sales,Life Sciences,1,Male,Sales Representative,Married,No,25,9,Associates Degree,1,1,1,4400,6,3,3,2,2,2
1430,Yes,Travel_Rarely,35 - 44,Sales,Medical,1,Male,Sales Executive,Married,No,35,10,Bachelor's Degree,4,3,1,10306,15,3,13,12,6,0
1431,Yes,Travel_Rarely,25 - 34,Sales,Life Sciences,1,Male,Sales Executive,Married,No,30,1,Bachelor's Degree,2,2,1,9714,10,3,10,8,6,7
1432,Yes,Travel_Rarely,25 - 34,Sales,Marketing,1,Male,Sales Executive,Married,No,31,16,Master's Degree,1,3,3,8161,10,3,1,0,0,0
1433,Yes,Travel_Rarely,25 - 34,Sales,Life Sciences,1,Male,Sales Executive,Single,No,32,1,Associates Degree,1,2,2,6735,10,3,0,0,0,0
1434,Yes,Travel_Rarely,Under 25,Sales,Marketing,1,Male,Sales Representative,Single,No,21,7,High School,2,1,2,2679,1,3,1,0,1,0
1435,Yes,Travel_Rarely,25 - 34,Sales,Medical,1,Male,Sales Representative,Single,No,30,9,Bachelor's Degree,2,1,4,1081,1,2,1,0,0,0
1436,Yes,Travel_Frequently,25 - 34,R&D,Life Sciences,1,Female,Research Scientist,Single,Yes,32,5,Associates Degree,1,1,3,2432,8,3,4,1,0,3
1437,Yes,Travel_Frequently,25 - 34,R&D,Other,1,Female,Healthcare Representative,Single,Yes,29,14,High School,3,3,4,7553,9,3,8,7,7,7
1438,Yes,Travel_Frequently,45 - 54,Sales,Medical,1,Female,Sales Representative,Married,Yes,48,7,Associates Degree,4,1,3,2655,19,3,9,7,7,7
1439,Yes,Travel_Frequently,Under 25,Sales,Medical,1,Female,Sales Representative,Single,Yes,18,3,Associates Degree,2,1,4,1569,0,4,0,0,0,0
1440,Yes,Travel_Rarely,25 - 34,HR,Medical,1,Female,Human Resources,Married,Yes,26,20,Associates Degree,4,1,2,2148,6,3,5,1,1,4
1441,Yes,Travel_Rarely,35 - 44,R&D,Life Sciences,1,Female,Laboratory Technician,Divorced,Yes,35,2,Bachelor's Degree,1,1,1,2074,1,3,1,0,0,0
1442,Yes,Travel_Rarely,Under 25,R&D,Medical,1,Female,Laboratory Technician,Married,Yes,22,8,High School,3,1,1,2398,1,3,1,0,0,0
1443,Yes,Travel_Rarely,25 - 34,Sales,Marketing,1,Female,Sales Executive,Single,Yes,28,13,Associates Degree,4,2,3,9854,6,3,2,0,2,2
1444,Yes,Travel_Frequently,35 - 44,R&D,Medical,1,Male,Research Scientist,Divorced,Yes,44,1,Associates Degree,3,1,2,2342,6,2,5,3,2,3
1445,Yes,Travel_Frequently,25 - 34,R&D,Life Sciences,1,Male,Laboratory Technician,Married,Yes,31,2,Bachelor's Degree,2,1,4,3722,7,1,2,2,2,2
1446,Yes,Travel_Frequently,35 - 44,R&D,Technical Degree,1,Male,Research Scientist,Married,Yes,43,17,Bachelor's Degree,3,1,3,2437,6,3,1,0,0,0
1447,Yes,Travel_Frequently,Under 25,R&D,Medical,1,Male,Laboratory Technician,Single,Yes,24,9,Bachelor's Degree,2,1,1,3172,4,2,0,0,0,0
1448,Yes,Travel_Frequently,25 - 34,Sales,Marketing,1,Male,Sales Executive,Married,Yes,31,26,Master's Degree,1,2,4,5617,10,3,10,7,0,8
1449,Yes,Travel_Rarely,25 - 34,HR,Human Resources,1,Male,Human Resources,Divorced,Yes,29,13,Bachelor's Degree,1,1,1,2335,4,3,2,2,2,0
1450,Yes,Travel_Rarely,25 - 34,R&D,Medical,1,Male,Research Scientist,Married,Yes,29,1,Master's Degree,1,1,4,4787,4,4,2,2,2,2
1451,Yes,Travel_Rarely,25 - 34,R&D,Medical,1,Male,Laboratory Technician,Married,Yes,28,24,Bachelor's Degree,3,1,2,2408,1,3,1,1,0,0
1452,Yes,Travel_Rarely,35 - 44,R&D,Life Sciences,1,Male,Laboratory Technician,Single,Yes,40,7,Bachelor's Degree,1,1,1,2166,10,1,4,2,0,3
1453,Yes,Travel_Rarely,Under 25,R&D,Medical,1,Male,Laboratory Technician,Single,Yes,23,8,High School,4,1,3,3989,5,3,5,4,1,2
1454,Yes,Travel_Rarely,45 - 54,Sales,Marketing,1,Male,Sales Executive,Divorced,Yes,50,28,Bachelor's Degree,4,3,1,10854,20,3,3,2,2,0
1455,Yes,Travel_Rarely,35 - 44,Sales,Medical,1,Male,Sales Executive,Divorced,Yes,35,15,Associates Degree,1,2,4,5440,7,2,2,2,2,2
1456,Yes,Travel_Rarely,35 - 44,Sales,Marketing,1,Male,Sales Executive,Divorced,Yes,36,13,Doctoral Degree,2,2,1,6134,16,3,2,2,2,2
1457,Yes,Travel_Rarely,45 - 54,Sales,Life Sciences,1,Male,Sales Executive,Single,Yes,53,24,Master's Degree,1,3,1,10448,15,2,2,2,2,2
1458,Yes,Travel_Rarely,25 - 34,Sales,Marketing,1,Male,Sales Executive,Single,Yes,32,2,Master's Degree,3,2,2,9907,7,2,2,2,2,2
1459,Yes,Travel_Rarely,35 - 44,Sales,Life Sciences,1,Male,Sales Executive,Single,Yes,35,27,Bachelor's Degree,3,2,4,5813,10,3,10,7,7,7
1460,Yes,Travel_Rarely,45 - 54,R&D,Medical,1,Female,Healthcare Representative,Married,No,46,21,Associates Degree,4,2,2,8926,13,4,9,7,3,7
1461,Yes,Travel_Rarely,45 - 54,Sales,Life Sciences,1,Female,Sales Executive,Married,No,46,10,Bachelor's Degree,3,3,2,7314,14,3,8,7,0,7
1462,Yes,Travel_Frequently,45 - 54,R&D,Life Sciences,1,Male,Laboratory Technician,Single,No,49,28,Associates Degree,1,2,1,4284,20,3,4,3,1,3
1463,Yes,Non-Travel,35 - 44,R&D,Life Sciences,1,Female,Laboratory Technician,Single,Yes,39,2,Bachelor's Degree,1,1,1,3646,11,4,1,0,0,0
1464,Yes,Travel_Rarely,25 - 34,Sales,Medical,1,Female,Sales Executive,Single,Yes,34,24,Master's Degree,1,2,2,4599,16,4,15,9,10,10
1465,Yes,Travel_Rarely,25 - 34,Sales,Life Sciences,1,Female,Sales Executive,Single,Yes,33,16,Bachelor's Degree,1,3,1,8564,11,2,0,0,0,0
1466,Yes,Non-Travel,25 - 34,R&D,Technical Degree,1,Male,Research Scientist,Married,Yes,34,16,Master's Degree,4,1,1,2307,5,3,5,2,3,0
1467,Yes,Travel_Frequently,25 - 34,R&D,Life Sciences,1,Male,Research Scientist,Single,Yes,29,24,Associates Degree,4,1,4,2439,1,2,1,0,1,0
1468,Yes,Travel_Frequently,35 - 44,Sales,Other,1,Male,Sales Executive,Single,Yes,35,12,Master's Degree,4,2,4,4581,13,4,11,9,6,7
1469,Yes,Travel_Rarely,Under 25,R&D,Life Sciences,1,Male,Research Scientist,Single,Yes,22,7,High School,4,1,2,2472,1,3,1,0,0,0
1470,Yes,Travel_Rarely,Under 25,Sales,Life Sciences,1,Male,Sales Representative,Divorced,Yes,23,7,Bachelor's Degree,3,1,4,2275,3,3,3,2,0,2
